,Date,USD,EUR,EXMP1,EXMP2,EXMP3,EXMP4
0,2018-01-01,8120.07,9624.72,2210.0,,,
1,2018-01-02,8120.07,9624.72,2210.0,,,
2,2018-01-03,8120.07,9624.72,2210.0,,,
3,2018-01-04,8120.07,9624.72,2210.0,,,
4,2018-01-05,8136.67,9775.4,2210.0,,,
5,2018-01-06,8136.67,9775.4,2210.0,,,
6,2018-01-07,8136.67,9775.4,2210.0,,,
7,2018-01-08,8136.67,9775.4,2210.0,,,
8,2018-01-09,8139.0,9787.96,2210.0,,,
9,2018-01-10,8139.0,9787.96,2210.0,,,
10,2018-01-11,8139.0,9787.96,2210.0,,,
11,2018-01-12,8139.0,9787.96,2210.0,,,
12,2018-01-13,8139.0,9787.96,2210.0,,,
13,2018-01-14,8139.0,9787.96,2210.0,,,
14,2018-01-15,8139.0,9787.96,2210.0,,,
15,2018-01-16,8146.38,9965.47,2210.0,,,
16,2018-01-17,8146.38,9965.47,2210.0,,,
17,2018-01-18,8146.38,9965.47,2210.0,,,
18,2018-01-19,8146.38,9965.47,2210.0,,,
19,2018-01-20,8146.38,9965.47,2210.0,,,
20,2018-01-21,8146.38,9965.47,2210.0,,,
21,2018-01-22,8146.38,9965.47,2210.0,,,
22,2018-01-23,8163.93,9978.77,2210.0,,,
23,2018-01-24,8163.93,9978.77,2210.0,,,
24,2018-01-25,8163.93,9978.77,2210.0,,,
25,2018-01-26,8163.93,9978.77,2210.0,,,
26,2018-01-27,8163.93,9978.77,2210.0,,,
27,2018-01-28,8163.93,9978.77,2210.0,,,
28,2018-01-29,8163.93,9978.77,2210.0,,,
29,2018-01-30,8175.77,10146.13,2210.0,,,
30,2018-01-31,8175.77,10146.13,2210.0,,,
31,2018-02-01,8175.77,10146.13,2210.0,,,
32,2018-02-02,8175.77,10146.13,2210.0,,,
33,2018-02-03,8175.77,10146.13,2210.0,,,
34,2018-02-04,8175.77,10146.13,2210.0,,,
35,2018-02-05,8175.77,10146.13,2210.0,,,
36,2018-02-06,8186.95,10196.85,2210.0,,,
37,2018-02-07,8186.95,10196.85,2210.0,,,
38,2018-02-08,8186.95,10196.85,2210.0,,,
39,2018-02-09,8186.95,10196.85,2210.0,,,
40,2018-02-10,8186.95,10196.85,2210.0,,,
41,2018-02-11,8186.95,10196.85,2210.0,,,
42,2018-02-12,8186.95,10196.85,2210.0,,,
43,2018-02-13,8188.33,10057.73,2210.0,,,
44,2018-02-14,8188.33,10057.73,2210.0,,,
45,2018-02-15,8188.33,10057.73,2210.0,,,
46,2018-02-16,8188.33,10057.73,2210.0,,,
47,2018-02-17,8188.33,10057.73,2210.0,,,
48,2018-02-18,8188.33,10057.73,2210.0,,,
49,2018-02-19,8188.33,10057.73,2210.0,,,
50,2018-02-20,8182.73,10158.86,2210.0,,,
51,2018-02-21,8182.73,10158.86,2210.0,,,
52,2018-02-22,8182.73,10158.86,2210.0,,,
53,2018-02-23,8182.73,10158.86,2210.0,,,
54,2018-02-24,8182.73,10158.86,2210.0,,,
55,2018-02-25,8182.73,10158.86,2210.0,,,
56,2018-02-26,8182.73,10158.86,2210.0,,,
57,2018-02-27,8171.64,10060.92,2210.0,,,
58,2018-02-28,8171.64,10060.92,2182.0,,,
59,2018-03-01,8171.64,10060.92,2182.0,,,
60,2018-03-02,8171.64,10060.92,2182.0,,,
61,2018-03-03,8171.64,10060.92,2182.0,,,
62,2018-03-04,8171.64,10060.92,2182.0,,,
63,2018-03-05,8171.64,10060.92,2182.0,,,
64,2018-03-06,8163.46,10059.02,2182.0,,,
65,2018-03-07,8163.46,10059.02,2182.0,,,
66,2018-03-08,8163.46,10059.02,2182.0,,,
67,2018-03-09,8163.46,10059.02,2182.0,,,
68,2018-03-10,8163.46,10059.02,2182.0,,,
69,2018-03-11,8163.46,10059.02,2182.0,,,
70,2018-03-12,8163.46,10059.02,2182.0,,,
71,2018-03-13,8140.06,10030.18,2182.0,,,
72,2018-03-14,8140.06,10030.18,2182.0,,,
73,2018-03-15,8140.06,10030.18,2182.0,,,
74,2018-03-16,8140.06,10030.18,2182.0,,,
75,2018-03-17,8140.06,10030.18,2182.0,,,
76,2018-03-18,8140.06,10030.18,2182.0,,,
77,2018-03-19,8140.06,10030.18,2182.0,,,
78,2018-03-20,8140.06,10030.18,2182.0,,,
79,2018-03-21,8140.06,10030.18,2182.0,,,
80,2018-03-22,8140.06,10030.18,2182.0,,,
81,2018-03-23,8118.07,10037.18,2182.0,,,
82,2018-03-24,8118.07,10037.18,2182.0,,,
83,2018-03-25,8118.07,10037.18,2182.0,,,
84,2018-03-26,8118.07,10037.18,2182.0,,,
85,2018-03-27,8114.86,10039.7,2182.0,,,
86,2018-03-28,8114.86,10039.7,2182.0,,,
87,2018-03-29,8114.86,10039.7,2182.0,,,
88,2018-03-30,8114.86,10039.7,2182.0,,,
89,2018-03-31,8114.86,10039.7,2069.0,,,
90,2018-04-01,8114.86,10039.7,2069.0,,,
91,2018-04-02,8114.86,10039.7,2069.0,,,
92,2018-04-03,8100.92,9976.28,2069.0,,,
93,2018-04-04,8100.92,9976.28,2069.0,,,
94,2018-04-05,8100.92,9976.28,2069.0,,,
95,2018-04-06,8100.92,9976.28,2069.0,,,
96,2018-04-07,8100.92,9976.28,2069.0,,,
97,2018-04-08,8100.92,9976.28,2069.0,,,
98,2018-04-09,8100.92,9976.28,2069.0,,,
99,2018-04-10,8094.99,9936.6,2069.0,,,
100,2018-04-11,8094.99,9936.6,2069.0,,,
101,2018-04-12,8094.99,9936.6,2069.0,,,
102,2018-04-13,8094.99,9936.6,2069.0,,,
103,2018-04-14,8094.99,9936.6,2069.0,,,
104,2018-04-15,8094.99,9936.6,2069.0,,,
105,2018-04-16,8094.99,9936.6,2069.0,,,
106,2018-04-17,8077.26,9960.07,2069.0,,,
107,2018-04-18,8077.26,9960.07,2069.0,,,
108,2018-04-19,8077.26,9960.07,2069.0,,,
109,2018-04-20,8077.26,9960.07,2069.0,,,
110,2018-04-21,8077.26,9960.07,2069.0,,,
111,2018-04-22,8077.26,9960.07,2069.0,,,
112,2018-04-23,8077.26,9960.07,2069.0,,,
113,2018-04-24,8068.17,9899.64,2069.0,,,
114,2018-04-25,8068.17,9899.64,2069.0,,,
115,2018-04-26,8068.17,9899.64,2069.0,,,
116,2018-04-27,8068.17,9899.64,2069.0,,,
117,2018-04-28,8068.17,9899.64,2069.0,,,
118,2018-04-29,8068.17,9899.64,2069.0,,,
119,2018-04-30,8068.17,9899.64,2255.0,,,
120,2018-05-01,8068.2,9785.11,2255.0,,,
121,2018-05-02,8068.2,9785.11,2255.0,,,
122,2018-05-03,8068.2,9785.11,2255.0,,,
123,2018-05-04,8068.2,9785.11,2255.0,,,
124,2018-05-05,8068.2,9785.11,2255.0,,,
125,2018-05-06,8068.2,9785.11,2255.0,,,
126,2018-05-07,8068.2,9785.11,2255.0,,,
127,2018-05-08,8059.24,9638.85,2255.0,,,
128,2018-05-09,8059.24,9638.85,2255.0,,,
129,2018-05-10,8059.24,9638.85,2255.0,,,
130,2018-05-11,8059.24,9638.85,2255.0,,,
131,2018-05-12,8059.24,9638.85,2255.0,,,
132,2018-05-13,8059.24,9638.85,2255.0,,,
133,2018-05-14,8059.24,9638.85,2255.0,,,
134,2018-05-15,8025.83,9597.29,2255.0,,,
135,2018-05-16,8025.83,9597.29,2255.0,,,
136,2018-05-17,8025.83,9597.29,2255.0,,,
137,2018-05-18,8025.83,9597.29,2255.0,,,
138,2018-05-19,8025.83,9597.29,2255.0,,,
139,2018-05-20,8025.83,9597.29,2255.0,,,
140,2018-05-21,8025.83,9597.29,2255.0,,,
141,2018-05-22,7997.95,9396.79,2255.0,,,
142,2018-05-23,7997.95,9396.79,2255.0,,,
143,2018-05-24,7997.95,9396.79,2255.0,,,
144,2018-05-25,7997.95,9396.79,2255.0,,,
145,2018-05-26,7997.95,9396.79,2255.0,,,
146,2018-05-27,7997.95,9396.79,2255.0,,,
147,2018-05-28,7997.95,9396.79,2255.0,,,
148,2018-05-29,7982.25,9299.32,2255.0,,,
149,2018-05-30,7982.25,9299.32,2255.0,,,
150,2018-05-31,7982.25,9299.32,2300.0,,,
151,2018-06-01,7982.25,9299.32,2300.0,,,
152,2018-06-02,7982.25,9299.32,2300.0,,,
153,2018-06-03,7982.25,9299.32,2300.0,,,
154,2018-06-04,7982.25,9299.32,2300.0,,,
155,2018-06-05,7944.07,9262.79,2300.0,,,
156,2018-06-06,7944.07,9262.79,2300.0,,,
157,2018-06-07,7944.07,9262.79,2300.0,,,
158,2018-06-08,7944.07,9262.79,2300.0,,,
159,2018-06-09,7944.07,9262.79,2300.0,,,
160,2018-06-10,7944.07,9262.79,2300.0,,,
161,2018-06-11,7944.07,9262.79,2300.0,,,
162,2018-06-12,7909.37,9306.16,2300.0,,,
163,2018-06-13,7909.37,9306.16,2300.0,,,
164,2018-06-14,7909.37,9306.16,2300.0,,,
165,2018-06-15,7909.37,9306.16,2300.0,,,
166,2018-06-16,7909.37,9306.16,2300.0,,,
167,2018-06-17,7909.37,9306.16,2300.0,,,
168,2018-06-18,7909.37,9306.16,2300.0,,,
169,2018-06-19,7883.99,9150.95,2300.0,,,
170,2018-06-20,7883.99,9150.95,2300.0,,,
171,2018-06-21,7883.99,9150.95,2300.0,,,
172,2018-06-22,7883.99,9150.95,2300.0,,,
173,2018-06-23,7883.99,9150.95,2300.0,,,
174,2018-06-24,7883.99,9150.95,2300.0,,,
175,2018-06-25,7883.99,9150.95,2300.0,,,
176,2018-06-26,7871.66,9174.42,2300.0,,,
177,2018-06-27,7871.66,9174.42,2300.0,,,
178,2018-06-28,7871.66,9174.42,2300.0,,,
179,2018-06-29,7871.66,9174.42,2300.0,,,
180,2018-06-30,7871.66,9174.42,2238.0,,,
181,2018-07-01,7871.66,9174.42,2238.0,,,
182,2018-07-02,7871.66,9174.42,2238.0,,,
183,2018-07-03,7846.27,9166.8,2238.0,,,
184,2018-07-04,7846.27,9166.8,2238.0,,,
185,2018-07-05,7846.27,9166.8,2238.0,,,
186,2018-07-06,7846.27,9166.8,2238.0,,,
187,2018-07-07,7846.27,9166.8,2238.0,,,
188,2018-07-08,7846.27,9166.8,2238.0,,,
189,2018-07-09,7846.27,9166.8,2238.0,,,
190,2018-07-10,7813.42,9176.86,2238.0,,,
191,2018-07-11,7813.42,9176.86,2238.0,,,
192,2018-07-12,7813.42,9176.86,2238.0,,,
193,2018-07-13,7813.42,9176.86,2238.0,,,
194,2018-07-14,7813.42,9176.86,2238.0,,,
195,2018-07-15,7813.42,9176.86,2238.0,,,
196,2018-07-16,7813.42,9176.86,2238.0,,,
197,2018-07-17,7787.81,9100.06,2238.0,,,
198,2018-07-18,7787.81,9100.06,2238.0,,,
199,2018-07-19,7787.81,9100.06,2238.0,,,
200,2018-07-20,7787.81,9100.06,2238.0,,,
201,2018-07-21,7787.81,9100.06,2238.0,,,
202,2018-07-22,7787.81,9100.06,2238.0,,,
203,2018-07-23,7787.81,9100.06,2238.0,,,
204,2018-07-24,7789.38,9127.6,2238.0,,,
205,2018-07-25,7789.38,9127.6,2238.0,,,
206,2018-07-26,7789.38,9127.6,2238.0,,,
207,2018-07-27,7789.38,9127.6,2238.0,,,
208,2018-07-28,7789.38,9127.6,2238.0,,,
209,2018-07-29,7789.38,9127.6,2238.0,,,
210,2018-07-30,7789.38,9127.6,2238.0,,,
211,2018-07-31,7791.88,9082.22,2082.0,,,
212,2018-08-01,7791.88,9082.22,2082.0,,,
213,2018-08-02,7791.88,9082.22,2082.0,,,
214,2018-08-03,7791.88,9082.22,2082.0,,,
215,2018-08-04,7791.88,9082.22,2082.0,,,
216,2018-08-05,7791.88,9082.22,2082.0,,,
217,2018-08-06,7791.88,9082.22,2082.0,,,
218,2018-08-07,7783.05,9002.65,2082.0,,,
219,2018-08-08,7783.05,9002.65,2082.0,,,
220,2018-08-09,7783.05,9002.65,2082.0,,,
221,2018-08-10,7783.05,9002.65,2082.0,,,
222,2018-08-11,7783.05,9002.65,2082.0,,,
223,2018-08-12,7783.05,9002.65,2082.0,,,
224,2018-08-13,7783.05,9002.65,2082.0,,,
225,2018-08-14,7790.2,8888.62,2082.0,,,
226,2018-08-15,7790.2,8888.62,2082.0,,,
227,2018-08-16,7790.2,8888.62,2082.0,,,
228,2018-08-17,7790.2,8888.62,2082.0,,,
229,2018-08-18,7790.2,8888.62,2082.0,,,
230,2018-08-19,7790.2,8888.62,2082.0,,,
231,2018-08-20,7790.2,8888.62,2082.0,,,
232,2018-08-21,7803.79,8925.19,2082.0,,,
233,2018-08-22,7803.79,8925.19,2082.0,,,
234,2018-08-23,7803.79,8925.19,2082.0,,,
235,2018-08-24,7803.79,8925.19,2082.0,,,
236,2018-08-25,7803.79,8925.19,2082.0,,,
237,2018-08-26,7803.79,8925.19,2082.0,,,
238,2018-08-27,7803.79,8925.19,2082.0,,,
239,2018-08-28,7827.23,9096.02,2082.0,,,
240,2018-08-29,7827.23,9096.02,2082.0,,,
241,2018-08-30,7827.23,9096.02,2082.0,,,
242,2018-08-31,7827.23,9096.02,2052.0,,,
243,2018-09-01,7827.23,9096.02,2052.0,,,
244,2018-09-02,7827.23,9096.02,2052.0,,,
245,2018-09-03,7827.23,9096.02,2052.0,,,
246,2018-09-04,7827.23,9096.02,2052.0,,,
247,2018-09-05,7827.23,9096.02,2052.0,,,
248,2018-09-06,7842.93,9097.01,2052.0,,,
249,2018-09-07,7842.93,9097.01,2052.0,,,
250,2018-09-08,7842.93,9097.01,2052.0,,,
251,2018-09-09,7842.93,9097.01,2052.0,,,
252,2018-09-10,7842.93,9097.01,2052.0,,,
253,2018-09-11,7862.17,9081.59,2052.0,,,
254,2018-09-12,7862.17,9081.59,2052.0,,,
255,2018-09-13,7862.17,9081.59,2052.0,,,
256,2018-09-14,7862.17,9081.59,2052.0,,,
257,2018-09-15,7862.17,9081.59,2052.0,,,
258,2018-09-16,7862.17,9081.59,2052.0,,,
259,2018-09-17,7862.17,9081.59,2052.0,,,
260,2018-09-18,8039.0,9347.75,2052.0,,,
261,2018-09-19,8039.0,9347.75,2052.0,,,
262,2018-09-20,8039.0,9347.75,2052.0,,,
263,2018-09-21,8039.0,9347.75,2052.0,,,
264,2018-09-22,8039.0,9347.75,2052.0,,,
265,2018-09-23,8039.0,9347.75,2052.0,,,
266,2018-09-24,8039.0,9347.75,2052.0,,,
267,2018-09-25,8079.28,9492.35,2052.0,,,
268,2018-09-26,8079.28,9492.35,2052.0,,,
269,2018-09-27,8079.28,9492.35,2052.0,,,
270,2018-09-28,8079.28,9492.35,2052.0,,,
271,2018-09-29,8079.28,9492.35,2052.0,,,
272,2018-09-30,8079.28,9492.35,2026.0,,,
273,2018-10-01,8079.28,9492.35,2026.0,,,
274,2018-10-02,8079.28,9492.35,2026.0,,,
275,2018-10-03,8179.66,9468.77,2026.0,,,
276,2018-10-04,8179.66,9468.77,2026.0,,,
277,2018-10-05,8179.66,9468.77,2026.0,,,
278,2018-10-06,8179.66,9468.77,2026.0,,,
279,2018-10-07,8179.66,9468.77,2026.0,,,
280,2018-10-08,8179.66,9468.77,2026.0,,,
281,2018-10-09,8181.08,9427.06,2026.0,,,
282,2018-10-10,8181.08,9427.06,2026.0,,,
283,2018-10-11,8181.08,9427.06,2026.0,,,
284,2018-10-12,8181.08,9427.06,2026.0,,,
285,2018-10-13,8181.08,9427.06,2026.0,,,
286,2018-10-14,8181.08,9427.06,2026.0,,,
287,2018-10-15,8181.08,9427.06,2026.0,,,
288,2018-10-16,8208.04,9490.14,2026.0,,,
289,2018-10-17,8208.04,9490.14,2026.0,,,
290,2018-10-18,8208.04,9490.14,2026.0,,,
291,2018-10-19,8208.04,9490.14,2026.0,,,
292,2018-10-20,8208.04,9490.14,2026.0,,,
293,2018-10-21,8208.04,9490.14,2026.0,,,
294,2018-10-22,8208.04,9490.14,2026.0,,,
295,2018-10-23,8226.1,9470.71,2026.0,,,
296,2018-10-24,8226.1,9470.71,2026.0,,,
297,2018-10-25,8226.1,9470.71,2026.0,,,
298,2018-10-26,8226.1,9470.71,2026.0,,,
299,2018-10-27,8226.1,9470.71,2026.0,,,
300,2018-10-28,8226.1,9470.71,2026.0,,,
301,2018-10-29,8226.1,9470.71,2026.0,,,
302,2018-10-30,8236.87,9390.86,2026.0,,,
303,2018-10-31,8236.87,9390.86,2030.0,,,
304,2018-11-01,8236.87,9390.86,2030.0,,,
305,2018-11-02,8236.87,9390.86,2030.0,,,
306,2018-11-03,8236.87,9390.86,2030.0,,,
307,2018-11-04,8236.87,9390.86,2030.0,,,
308,2018-11-05,8236.87,9390.86,2030.0,,,
309,2018-11-06,8249.97,9392.59,2030.0,,,
310,2018-11-07,8249.97,9392.59,2030.0,,,
311,2018-11-08,8249.97,9392.59,2030.0,,,
312,2018-11-09,8249.97,9392.59,2030.0,,,
313,2018-11-10,8249.97,9392.59,2030.0,,,
314,2018-11-11,8249.97,9392.59,2030.0,,,
315,2018-11-12,8249.97,9392.59,2030.0,,,
316,2018-11-13,8271.27,9374.66,2030.0,,,
317,2018-11-14,8271.27,9374.66,2030.0,,,
318,2018-11-15,8271.27,9374.66,2030.0,,,
319,2018-11-16,8271.27,9374.66,2030.0,,,
320,2018-11-17,8271.27,9374.66,2030.0,,,
321,2018-11-18,8271.27,9374.66,2030.0,,,
322,2018-11-19,8271.27,9374.66,2030.0,,,
323,2018-11-20,8277.53,9451.28,2030.0,,,
324,2018-11-21,8277.53,9451.28,2030.0,,,
325,2018-11-22,8277.53,9451.28,2030.0,,,
326,2018-11-23,8277.53,9451.28,2030.0,,,
327,2018-11-24,8277.53,9451.28,2030.0,,,
328,2018-11-25,8277.53,9451.28,2030.0,,,
329,2018-11-26,8277.53,9451.28,2030.0,,,
330,2018-11-27,8299.2,9411.29,2030.0,,,
331,2018-11-28,8299.2,9411.29,2030.0,,,
332,2018-11-29,8299.2,9411.29,2030.0,,,
333,2018-11-30,8299.2,9411.29,1939.0,,,
334,2018-12-01,8299.2,9411.29,1939.0,,,
335,2018-12-02,8299.2,9411.29,1939.0,,,
336,2018-12-03,8299.2,9411.29,1939.0,,,
337,2018-12-04,8314.85,9408.25,1939.0,,,
338,2018-12-05,8314.85,9408.25,1939.0,,,
339,2018-12-06,8314.85,9408.25,1939.0,,,
340,2018-12-07,8314.85,9408.25,1939.0,,,
341,2018-12-08,8314.85,9408.25,1939.0,,,
342,2018-12-09,8314.85,9408.25,1939.0,,,
343,2018-12-10,8314.85,9408.25,1939.0,,,
344,2018-12-11,8312.64,9456.46,1939.0,,,
345,2018-12-12,8312.64,9456.46,1939.0,,,
346,2018-12-13,8312.64,9456.46,1939.0,,,
347,2018-12-14,8312.64,9456.46,1939.0,,,
348,2018-12-15,8312.64,9456.46,1939.0,,,
349,2018-12-16,8312.64,9456.46,1939.0,,,
350,2018-12-17,8312.64,9456.46,1939.0,,,
351,2018-12-18,8325.59,9413.74,1939.0,,,
352,2018-12-19,8325.59,9413.74,1939.0,,,
353,2018-12-20,8325.59,9413.74,1939.0,,,
354,2018-12-21,8325.59,9413.74,1939.0,,,
355,2018-12-22,8325.59,9413.74,1939.0,,,
356,2018-12-23,8325.59,9413.74,1939.0,,,
357,2018-12-24,8325.59,9413.74,1939.0,,,
358,2018-12-25,8339.55,9479.57,1939.0,,,
359,2018-12-26,8339.55,9479.57,1939.0,,,
360,2018-12-27,8339.55,9479.57,1939.0,,,
361,2018-12-28,8339.55,9479.57,1939.0,,,
362,2018-12-29,8339.55,9479.57,1939.0,,,
363,2018-12-30,8339.55,9479.57,1939.0,,,
364,2018-12-31,8339.55,9479.57,1920.0,,,
365,2019-01-01,8336.25,9533.34,1920.0,,,
366,2019-01-02,8336.25,9533.34,1920.0,,,
367,2019-01-03,8336.25,9533.34,1920.0,,,
368,2019-01-04,8336.25,9533.34,1920.0,,,
369,2019-01-05,8336.25,9533.34,1920.0,,,
370,2019-01-06,8336.25,9533.34,1920.0,,,
371,2019-01-07,8336.25,9533.34,1920.0,,,
372,2019-01-08,8337.07,9498.42,1920.0,,,
373,2019-01-09,8337.07,9498.42,1920.0,,,
374,2019-01-10,8337.07,9498.42,1920.0,,,
375,2019-01-11,8337.07,9498.42,1920.0,,,
376,2019-01-12,8337.07,9498.42,1920.0,,,
377,2019-01-13,8337.07,9498.42,1920.0,,,
378,2019-01-14,8337.07,9498.42,1920.0,,,
379,2019-01-15,8356.18,9582.03,1920.0,,,
380,2019-01-16,8356.18,9582.03,1920.0,,,
381,2019-01-17,8356.18,9582.03,1920.0,,,
382,2019-01-18,8356.18,9582.03,1920.0,,,
383,2019-01-19,8356.18,9582.03,1920.0,,,
384,2019-01-20,8356.18,9582.03,1920.0,,,
385,2019-01-21,8356.18,9582.03,1920.0,,,
386,2019-01-22,8378.18,9518.45,1920.0,,,
387,2019-01-23,8378.18,9518.45,1920.0,,,
388,2019-01-24,8378.18,9518.45,1920.0,,,
389,2019-01-25,8378.18,9518.45,1920.0,,,
390,2019-01-26,8378.18,9518.45,1920.0,,,
391,2019-01-27,8378.18,9518.45,1920.0,,,
392,2019-01-28,8378.18,9518.45,1920.0,,,
393,2019-01-29,8384.94,9568.89,1920.0,,,
394,2019-01-30,8384.94,9568.89,1920.0,,,
395,2019-01-31,8384.94,9568.89,1854.0,,,
396,2019-02-01,8384.94,9568.89,1854.0,,,
397,2019-02-02,8384.94,9568.89,1854.0,,,
398,2019-02-03,8384.94,9568.89,1854.0,,,
399,2019-02-04,8384.94,9568.89,1854.0,,,
400,2019-02-05,8401.53,9623.11,1854.0,,,
401,2019-02-06,8401.53,9623.11,1854.0,,,
402,2019-02-07,8401.53,9623.11,1854.0,,,
403,2019-02-08,8401.53,9623.11,1854.0,,,
404,2019-02-09,8401.53,9623.11,1854.0,,,
405,2019-02-10,8401.53,9623.11,1854.0,,,
406,2019-02-11,8401.53,9623.11,1854.0,,,
407,2019-02-12,8395.15,9510.03,1854.0,,,
408,2019-02-13,8395.15,9510.03,1854.0,,,
409,2019-02-14,8395.15,9510.03,1854.0,,,
410,2019-02-15,8395.15,9510.03,1854.0,,,
411,2019-02-16,8395.15,9510.03,1854.0,,,
412,2019-02-17,8395.15,9510.03,1854.0,,,
413,2019-02-18,8395.15,9510.03,1854.0,,,
414,2019-02-19,8392.2,9477.31,1854.0,,,
415,2019-02-20,8392.2,9477.31,1854.0,,,
416,2019-02-21,8392.2,9477.31,1854.0,,,
417,2019-02-22,8392.2,9477.31,1854.0,,,
418,2019-02-23,8392.2,9477.31,1854.0,,,
419,2019-02-24,8392.2,9477.31,1854.0,,,
420,2019-02-25,8392.2,9477.31,1854.0,,,
421,2019-02-26,8403.19,9530.06,1854.0,,,
422,2019-02-27,8403.19,9530.06,1854.0,,,
423,2019-02-28,8403.19,9530.06,1863.0,,,
424,2019-03-01,8403.19,9530.06,1863.0,,,
425,2019-03-02,8403.19,9530.06,1863.0,,,
426,2019-03-03,8403.19,9530.06,1863.0,,,
427,2019-03-04,8403.19,9530.06,1863.0,,,
428,2019-03-05,8392.96,9546.15,1863.0,,,
429,2019-03-06,8392.96,9546.15,1863.0,,,
430,2019-03-07,8392.96,9546.15,1863.0,,,
431,2019-03-08,8392.96,9546.15,1863.0,,,
432,2019-03-09,8392.96,9546.15,1863.0,,,
433,2019-03-10,8392.96,9546.15,1863.0,,,
434,2019-03-11,8392.96,9546.15,1863.0,,,
435,2019-03-12,8374.1,9410.81,1863.0,,,
436,2019-03-13,8374.1,9410.81,1863.0,,,
437,2019-03-14,8374.1,9410.81,1863.0,,,
438,2019-03-15,8374.1,9410.81,1863.0,,,
439,2019-03-16,8374.1,9410.81,1863.0,,,
440,2019-03-17,8374.1,9410.81,1863.0,,,
441,2019-03-18,8374.1,9410.81,1863.0,,,
442,2019-03-19,8378.04,9488.13,1863.0,,,
443,2019-03-20,8378.04,9488.13,1863.0,,,
444,2019-03-21,8378.04,9488.13,1863.0,,,
445,2019-03-22,8378.04,9488.13,1863.0,,,
446,2019-03-23,8378.04,9488.13,1863.0,,,
447,2019-03-24,8378.04,9488.13,1863.0,,,
448,2019-03-25,8378.04,9488.13,1863.0,,,
449,2019-03-26,8389.97,9491.57,1863.0,,,
450,2019-03-27,8389.97,9491.57,1863.0,,,
451,2019-03-28,8389.97,9491.57,1863.0,,,
452,2019-03-29,8389.97,9491.57,1863.0,,,
453,2019-03-30,8389.97,9491.57,1863.0,,,
454,2019-03-31,8389.97,9491.57,1871.0,,,
455,2019-04-01,8389.97,9491.57,1871.0,,,
456,2019-04-02,8419.62,9444.29,1871.0,,,
457,2019-04-03,8419.62,9444.29,1871.0,,,
458,2019-04-04,8419.62,9444.29,1871.0,,,
459,2019-04-05,8419.62,9444.29,1871.0,,,
460,2019-04-06,8419.62,9444.29,1871.0,,,
461,2019-04-07,8419.62,9444.29,1871.0,,,
462,2019-04-08,8419.62,9444.29,1871.0,,,
463,2019-04-09,8451.37,9477.37,1871.0,,,
464,2019-04-10,8451.37,9477.37,1871.0,,,
465,2019-04-11,8451.37,9477.37,1871.0,,,
466,2019-04-12,8451.37,9477.37,1871.0,,,
467,2019-04-13,8451.37,9477.37,1871.0,,,
468,2019-04-14,8451.37,9477.37,1871.0,,,
469,2019-04-15,8451.37,9477.37,1871.0,,,
470,2019-04-16,8455.37,9554.57,1871.0,,,
471,2019-04-17,8455.37,9554.57,1871.0,,,
472,2019-04-18,8455.37,9554.57,1871.0,,,
473,2019-04-19,8455.37,9554.57,1871.0,,,
474,2019-04-20,8455.37,9554.57,1871.0,,,
475,2019-04-21,8455.37,9554.57,1871.0,,,
476,2019-04-22,8455.37,9554.57,1871.0,,,
477,2019-04-23,8441.36,9493.15,1871.0,,,
478,2019-04-24,8441.36,9493.15,1871.0,,,
479,2019-04-25,8441.36,9493.15,1871.0,,,
480,2019-04-26,8441.36,9493.15,1871.0,,,
481,2019-04-27,8441.36,9493.15,1871.0,,,
482,2019-04-28,8441.36,9493.15,1871.0,,,
483,2019-04-29,8441.36,9493.15,1871.0,,,
484,2019-04-30,8445.49,9415.03,1845.0,,,
485,2019-05-01,8445.49,9415.03,1845.0,,,
486,2019-05-02,8445.49,9415.03,1845.0,,,
487,2019-05-03,8445.49,9415.03,1845.0,,,
488,2019-05-04,8445.49,9415.03,1845.0,,,
489,2019-05-05,8445.49,9415.03,1845.0,,,
490,2019-05-06,8445.49,9415.03,1845.0,,,
491,2019-05-07,8448.89,9462.76,1845.0,,,
492,2019-05-08,8448.89,9462.76,1845.0,,,
493,2019-05-09,8448.89,9462.76,1845.0,,,
494,2019-05-10,8448.89,9462.76,1845.0,,,
495,2019-05-11,8448.89,9462.76,1845.0,,,
496,2019-05-12,8448.89,9462.76,1845.0,,,
497,2019-05-13,8448.89,9462.76,1845.0,,,
498,2019-05-14,8458.16,9501.05,1845.0,,,
499,2019-05-15,8458.16,9501.05,1845.0,,,
500,2019-05-16,8458.16,9501.05,1845.0,,,
501,2019-05-17,8458.16,9501.05,1845.0,,,
502,2019-05-18,8458.16,9501.05,1845.0,,,
503,2019-05-19,8458.16,9501.05,1845.0,,,
504,2019-05-20,8458.16,9501.05,1845.0,,,
505,2019-05-21,8460.92,9439.0,1845.0,,,
506,2019-05-22,8460.92,9439.0,1845.0,,,
507,2019-05-23,8460.92,9439.0,1845.0,,,
508,2019-05-24,8460.92,9439.0,1845.0,,,
509,2019-05-25,8460.92,9439.0,1845.0,,,
510,2019-05-26,8460.92,9439.0,1845.0,,,
511,2019-05-27,8460.92,9439.0,1845.0,,,
512,2019-05-28,8485.91,9505.92,1845.0,,,
513,2019-05-29,8485.91,9505.92,1845.0,,,
514,2019-05-30,8485.91,9505.92,1845.0,,,
515,2019-05-31,8485.91,9505.92,1781.0,,,
516,2019-06-01,8485.91,9505.92,1781.0,1026.48,,
517,2019-06-02,8485.91,9505.92,1781.0,1026.48,,
518,2019-06-03,8485.91,9505.92,1781.0,1026.48,,
519,2019-06-04,8513.57,9507.1,1781.0,1026.48,,
520,2019-06-05,8513.57,9507.1,1781.0,1026.48,,
521,2019-06-06,8513.57,9507.1,1781.0,1026.48,,
522,2019-06-07,8513.57,9507.1,1781.0,1026.48,,
523,2019-06-08,8513.57,9507.1,1781.0,1026.48,,
524,2019-06-09,8513.57,9507.1,1781.0,1026.48,,
525,2019-06-10,8513.57,9507.1,1781.0,1026.48,,
526,2019-06-11,8518.68,9652.52,1781.0,1026.48,,
527,2019-06-12,8518.68,9652.52,1781.0,1026.48,,
528,2019-06-13,8518.68,9652.52,1781.0,1026.48,,
529,2019-06-14,8518.68,9652.52,1781.0,1026.48,,
530,2019-06-15,8518.68,9652.52,1781.0,1026.48,,
531,2019-06-16,8518.68,9652.52,1781.0,1026.48,,
532,2019-06-17,8518.68,9652.52,1781.0,1026.48,,
533,2019-06-18,8535.74,9566.0,1781.0,1026.48,,
534,2019-06-19,8535.74,9566.0,1781.0,1026.48,,
535,2019-06-20,8535.74,9566.0,1781.0,1026.48,,
536,2019-06-21,8535.74,9566.0,1781.0,1026.48,,
537,2019-06-22,8535.74,9566.0,1781.0,1026.48,,
538,2019-06-23,8535.74,9566.0,1781.0,1026.48,,
539,2019-06-24,8535.74,9566.0,1781.0,1026.48,,
540,2019-06-25,8562.34,9731.96,1781.0,1026.48,,
541,2019-06-26,8562.34,9731.96,1781.0,1026.48,,
542,2019-06-27,8562.34,9731.96,1781.0,1026.48,,
543,2019-06-28,8562.34,9731.96,1781.0,1026.48,,
544,2019-06-29,8562.34,9731.96,1781.0,1026.48,,
545,2019-06-30,8562.34,9731.96,1756.0,1026.48,,
546,2019-07-01,8562.34,9731.96,1756.0,1012.77,,
547,2019-07-02,8574.74,9747.76,1756.0,1012.77,,
548,2019-07-03,8574.74,9747.76,1756.0,1012.77,,
549,2019-07-04,8574.74,9747.76,1756.0,1012.77,,
550,2019-07-05,8574.74,9747.76,1756.0,1012.77,,
551,2019-07-06,8574.74,9747.76,1756.0,1012.77,,
552,2019-07-07,8574.74,9747.76,1756.0,1012.77,,
553,2019-07-08,8574.74,9747.76,1756.0,1012.77,,
554,2019-07-09,8578.36,9628.35,1756.0,1012.77,,
555,2019-07-10,8578.36,9628.35,1756.0,1012.77,,
556,2019-07-11,8578.36,9628.35,1756.0,1012.77,,
557,2019-07-12,8578.36,9628.35,1756.0,1012.77,,
558,2019-07-13,8578.36,9628.35,1756.0,1012.77,,
559,2019-07-14,8578.36,9628.35,1756.0,1012.77,,
560,2019-07-15,8578.36,9628.35,1756.0,1012.77,,
561,2019-07-16,8584.5,9673.87,1756.0,1012.77,,
562,2019-07-17,8584.5,9673.87,1756.0,1012.77,,
563,2019-07-18,8584.5,9673.87,1756.0,1012.77,,
564,2019-07-19,8584.5,9673.87,1756.0,1012.77,,
565,2019-07-20,8584.5,9673.87,1756.0,1012.77,,
566,2019-07-21,8584.5,9673.87,1756.0,1012.77,,
567,2019-07-22,8584.5,9673.87,1756.0,1012.77,,
568,2019-07-23,8624.51,9676.7,1756.0,1012.77,,
569,2019-07-24,8624.51,9676.7,1756.0,1012.77,,
570,2019-07-25,8624.51,9676.7,1756.0,1012.77,,
571,2019-07-26,8624.51,9676.7,1756.0,1012.77,,
572,2019-07-27,8624.51,9676.7,1756.0,1012.77,,
573,2019-07-28,8624.51,9676.7,1756.0,1012.77,,
574,2019-07-29,8624.51,9676.7,1756.0,1012.77,,
575,2019-07-30,8666.71,9641.71,1756.0,1012.77,,
576,2019-07-31,8666.71,9641.71,1797.0,1012.77,,
577,2019-08-01,8666.71,9641.71,1797.0,933.8945,,
578,2019-08-02,8666.71,9641.71,1797.0,933.8945,,
579,2019-08-03,8666.71,9641.71,1797.0,933.8945,,
580,2019-08-04,8666.71,9641.71,1797.0,933.8945,,
581,2019-08-05,8666.71,9641.71,1797.0,933.8945,,
582,2019-08-06,8704.87,9668.5,1797.0,933.8945,,
583,2019-08-07,8704.87,9668.5,1797.0,933.8945,,
584,2019-08-08,8704.87,9668.5,1797.0,933.8945,,
585,2019-08-09,8704.87,9668.5,1797.0,933.8945,,
586,2019-08-10,8882.0,9928.3,1797.0,933.8945,,
587,2019-08-11,8882.0,9928.3,1797.0,933.8945,,
588,2019-08-12,8882.0,9928.3,1797.0,933.8945,,
589,2019-08-13,8882.0,9928.3,1797.0,933.8945,,
590,2019-08-14,8882.0,9928.3,1797.0,933.8945,,
591,2019-08-15,8882.0,9928.3,1797.0,933.8945,,
592,2019-08-16,9061.0,10092.14,1797.0,933.8945,,
593,2019-08-17,9061.0,10092.14,1797.0,933.8945,,
594,2019-08-18,9061.0,10092.14,1797.0,933.8945,,
595,2019-08-19,9061.0,10092.14,1797.0,933.8945,,
596,2019-08-20,9061.0,10092.14,1797.0,933.8945,,
597,2019-08-21,9384.0,10393.72,1797.0,933.8945,,
598,2019-08-22,9384.0,10393.72,1797.0,933.8945,,
599,2019-08-23,9384.0,10393.72,1797.0,933.8945,,
600,2019-08-24,9384.0,10393.72,1797.0,933.8945,,
601,2019-08-25,9384.0,10393.72,1797.0,933.8945,,
602,2019-08-26,9384.0,10393.72,1797.0,933.8945,,
603,2019-08-27,9373.93,10446.31,1797.0,933.8945,,
604,2019-08-28,9373.93,10446.31,1797.0,933.8945,,
605,2019-08-29,9373.93,10446.31,1797.0,933.8945,,
606,2019-08-30,9373.93,10446.31,1797.0,933.8945,,
607,2019-08-31,9373.93,10446.31,1741.0,933.8945,,
608,2019-09-01,9373.93,10446.31,1741.0,878.572,,
609,2019-09-02,9373.93,10446.31,1741.0,878.572,,
610,2019-09-03,9373.93,10446.31,1741.0,878.572,,
611,2019-09-04,9373.93,10446.31,1741.0,878.572,,
612,2019-09-05,9384.57,10296.75,1741.0,878.572,,
613,2019-09-06,9384.57,10296.75,1741.0,878.572,,
614,2019-09-07,9384.57,10296.75,1741.0,878.572,,
615,2019-09-08,9384.57,10296.75,1741.0,878.572,,
616,2019-09-09,9384.57,10296.75,1741.0,878.572,,
617,2019-09-10,9395.63,10360.56,1741.0,878.572,,
618,2019-09-11,9395.63,10360.56,1741.0,878.572,,
619,2019-09-12,9395.63,10360.56,1741.0,878.572,,
620,2019-09-13,9395.63,10360.56,1741.0,878.572,,
621,2019-09-14,9395.63,10360.56,1741.0,878.572,,
622,2019-09-15,9395.63,10360.56,1741.0,878.572,,
623,2019-09-16,9395.63,10360.56,1741.0,878.572,,
624,2019-09-17,9411.3,10421.13,1741.0,878.572,,
625,2019-09-18,9411.3,10421.13,1741.0,878.572,,
626,2019-09-19,9411.3,10421.13,1741.0,878.572,,
627,2019-09-20,9411.3,10421.13,1741.0,878.572,,
628,2019-09-21,9411.3,10421.13,1741.0,878.572,,
629,2019-09-22,9411.3,10421.13,1741.0,878.572,,
630,2019-09-23,9411.3,10421.13,1741.0,878.572,,
631,2019-09-24,9424.54,10383.02,1741.0,878.572,,
632,2019-09-25,9424.54,10383.02,1741.0,878.572,,
633,2019-09-26,9424.54,10383.02,1741.0,878.572,,
634,2019-09-27,9424.54,10383.02,1741.0,878.572,,
635,2019-09-28,9424.54,10383.02,1741.0,878.572,,
636,2019-09-29,9424.54,10383.02,1741.0,878.572,,
637,2019-09-30,9424.54,10383.02,1754.0,878.572,,
638,2019-10-01,9446.65,10332.75,1754.0,917.32,,
639,2019-10-02,9446.65,10332.75,1754.0,917.32,,
640,2019-10-03,9446.65,10332.75,1754.0,917.32,,
641,2019-10-04,9446.65,10332.75,1754.0,917.32,,
642,2019-10-05,9446.65,10332.75,1754.0,917.32,,
643,2019-10-06,9446.65,10332.75,1754.0,917.32,,
644,2019-10-07,9446.65,10332.75,1754.0,917.32,,
645,2019-10-08,9433.34,10354.03,1754.0,917.32,,
646,2019-10-09,9433.34,10354.03,1754.0,917.32,,
647,2019-10-10,9433.34,10354.03,1754.0,917.32,,
648,2019-10-11,9433.34,10354.03,1754.0,917.32,,
649,2019-10-12,9433.34,10354.03,1754.0,917.32,,
650,2019-10-13,9433.34,10354.03,1754.0,917.32,,
651,2019-10-14,9433.34,10354.03,1754.0,917.32,,
652,2019-10-15,9455.24,10438.58,1754.0,917.32,,
653,2019-10-16,9455.24,10438.58,1754.0,917.32,,
654,2019-10-17,9455.24,10438.58,1754.0,917.32,,
655,2019-10-18,9455.24,10438.58,1754.0,917.32,,
656,2019-10-19,9455.24,10438.58,1754.0,917.32,,
657,2019-10-20,9455.24,10438.58,1754.0,917.32,,
658,2019-10-21,9455.24,10438.58,1754.0,917.32,,
659,2019-10-22,9448.53,10553.06,1754.0,917.32,,
660,2019-10-23,9448.53,10553.06,1754.0,917.32,,
661,2019-10-24,9448.53,10553.06,1754.0,917.32,,
662,2019-10-25,9448.53,10553.06,1754.0,917.32,,
663,2019-10-26,9448.53,10553.06,1754.0,917.32,,
664,2019-10-27,9448.53,10553.06,1754.0,917.32,,
665,2019-10-28,9448.53,10553.06,1754.0,917.32,,
666,2019-10-29,9463.37,10483.52,1754.0,917.32,,
667,2019-10-30,9463.37,10483.52,1754.0,917.32,,
668,2019-10-31,9463.37,10483.52,1726.0,917.32,,
669,2019-11-01,9463.37,10483.52,1726.0,964.116,,
670,2019-11-02,9463.37,10483.52,1726.0,964.116,,
671,2019-11-03,9463.37,10483.52,1726.0,964.116,,
672,2019-11-04,9463.37,10483.52,1726.0,964.116,,
673,2019-11-05,9467.27,10570.21,1726.0,964.116,,
674,2019-11-06,9467.27,10570.21,1726.0,964.116,,
675,2019-11-07,9467.27,10570.21,1726.0,964.116,,
676,2019-11-08,9467.27,10570.21,1726.0,964.116,,
677,2019-11-09,9467.27,10570.21,1726.0,964.116,,
678,2019-11-10,9467.27,10570.21,1726.0,964.116,,
679,2019-11-11,9467.27,10570.21,1726.0,964.116,,
680,2019-11-12,9490.77,10455.03,1726.0,964.116,,
681,2019-11-13,9490.77,10455.03,1726.0,964.116,,
682,2019-11-14,9490.77,10455.03,1726.0,964.116,,
683,2019-11-15,9490.77,10455.03,1726.0,964.116,,
684,2019-11-16,9490.77,10455.03,1726.0,964.116,,
685,2019-11-17,9490.77,10455.03,1726.0,964.116,,
686,2019-11-18,9490.77,10455.03,1726.0,964.116,,
687,2019-11-19,9500.96,10498.56,1726.0,964.116,,
688,2019-11-20,9500.96,10498.56,1726.0,964.116,,
689,2019-11-21,9500.96,10498.56,1726.0,964.116,,
690,2019-11-22,9500.96,10498.56,1726.0,964.116,,
691,2019-11-23,9500.96,10498.56,1726.0,964.116,,
692,2019-11-24,9500.96,10498.56,1726.0,964.116,,
693,2019-11-25,9500.96,10498.56,1726.0,964.116,,
694,2019-11-26,9494.68,10465.04,1726.0,964.116,,
695,2019-11-27,9494.68,10465.04,1726.0,964.116,,
696,2019-11-28,9494.68,10465.04,1726.0,964.116,,
697,2019-11-29,9494.68,10465.04,1726.0,964.116,,
698,2019-11-30,9494.68,10465.04,1775.0,964.116,,
699,2019-12-01,9494.68,10465.04,1775.0,953.504,,
700,2019-12-02,9494.68,10465.04,1775.0,953.504,,
701,2019-12-03,9510.99,10476.36,1775.0,953.504,,
702,2019-12-04,9510.99,10476.36,1775.0,953.504,,
703,2019-12-05,9510.99,10476.36,1775.0,953.504,,
704,2019-12-06,9510.99,10476.36,1775.0,953.504,,
705,2019-12-07,9510.99,10476.36,1775.0,953.504,,
706,2019-12-08,9510.99,10476.36,1775.0,953.504,,
707,2019-12-09,9510.99,10476.36,1775.0,953.504,,
708,2019-12-10,9537.55,10545.67,1775.0,953.504,,
709,2019-12-11,9537.55,10545.67,1775.0,953.504,,
710,2019-12-12,9537.55,10545.67,1775.0,953.504,,
711,2019-12-13,9537.55,10545.67,1775.0,953.504,,
712,2019-12-14,9537.55,10545.67,1775.0,953.504,,
713,2019-12-15,9537.55,10545.67,1775.0,953.504,,
714,2019-12-16,9537.55,10545.67,1775.0,953.504,,
715,2019-12-17,9532.4,10599.08,1775.0,953.504,,
716,2019-12-18,9532.4,10599.08,1775.0,953.504,,
717,2019-12-19,9532.4,10599.08,1775.0,953.504,,
718,2019-12-20,9532.4,10599.08,1775.0,953.504,,
719,2019-12-21,9532.4,10599.08,1775.0,953.504,,
720,2019-12-22,9532.4,10599.08,1775.0,953.504,,
721,2019-12-23,9532.4,10599.08,1775.0,953.504,,
722,2019-12-24,9516.37,10542.23,1775.0,953.504,,
723,2019-12-25,9516.37,10542.23,1775.0,953.504,,
724,2019-12-26,9516.37,10542.23,1775.0,953.504,,
725,2019-12-27,9516.37,10542.23,1775.0,953.504,,
726,2019-12-28,9516.37,10542.23,1775.0,953.504,,
727,2019-12-29,9516.37,10542.23,1775.0,953.504,,
728,2019-12-30,9516.37,10542.23,1775.0,953.504,,
729,2019-12-31,9507.56,10624.7,1771.0,953.504,,
730,2020-01-01,9507.56,10624.7,1771.0,935.858,,
731,2020-01-02,9507.56,10624.7,1771.0,935.858,,
732,2020-01-03,9507.56,10624.7,1771.0,935.858,,
733,2020-01-04,9507.56,10624.7,1771.0,935.858,,
734,2020-01-05,9507.56,10624.7,1771.0,935.858,,
735,2020-01-06,9507.56,10624.7,1771.0,935.858,,
736,2020-01-07,9507.89,10608.9,1771.0,935.858,,
737,2020-01-08,9507.89,10608.9,1771.0,935.858,,
738,2020-01-09,9507.89,10608.9,1771.0,935.858,,
739,2020-01-10,9507.89,10608.9,1771.0,935.858,,
740,2020-01-11,9507.89,10608.9,1771.0,935.858,,
741,2020-01-12,9507.89,10608.9,1771.0,935.858,,
742,2020-01-13,9507.89,10608.9,1771.0,935.858,,
743,2020-01-14,9550.76,10620.45,1771.0,935.858,,
744,2020-01-15,9550.76,10620.45,1771.0,935.858,,
745,2020-01-16,9550.76,10620.45,1771.0,935.858,,
746,2020-01-17,9550.76,10620.45,1771.0,935.858,,
747,2020-01-18,9550.76,10620.45,1771.0,935.858,,
748,2020-01-19,9550.76,10620.45,1771.0,935.858,,
749,2020-01-20,9550.76,10620.45,1771.0,935.858,,
750,2020-01-21,9547.05,10585.77,1771.0,935.858,,
751,2020-01-22,9547.05,10585.77,1771.0,935.858,,
752,2020-01-23,9547.05,10585.77,1771.0,935.858,,
753,2020-01-24,9547.05,10585.77,1771.0,935.858,,
754,2020-01-25,9547.05,10585.77,1771.0,935.858,,
755,2020-01-26,9547.05,10585.77,1771.0,935.858,,
756,2020-01-27,9547.05,10585.77,1771.0,935.858,,
757,2020-01-28,9563.33,10541.66,1771.0,935.858,,
758,2020-01-29,9563.33,10541.66,1771.0,935.858,,
759,2020-01-30,9563.33,10541.66,1771.0,935.858,,
760,2020-01-31,9563.33,10541.66,1773.0,935.858,,
761,2020-02-01,9563.33,10541.66,1773.0,941.655,,
762,2020-02-02,9563.33,10541.66,1773.0,941.655,,
763,2020-02-03,9563.33,10541.66,1773.0,941.655,,
764,2020-02-04,9541.74,10584.65,1773.0,941.655,,
765,2020-02-05,9541.74,10584.65,1773.0,941.655,,
766,2020-02-06,9541.74,10584.65,1773.0,941.655,,
767,2020-02-07,9541.74,10584.65,1773.0,941.655,,
768,2020-02-08,9541.74,10584.65,1773.0,941.655,,
769,2020-02-09,9541.74,10584.65,1773.0,941.655,,
770,2020-02-10,9541.74,10584.65,1773.0,941.655,,
771,2020-02-11,9539.16,10438.7,1773.0,941.655,,
772,2020-02-12,9539.16,10438.7,1773.0,941.655,,
773,2020-02-13,9539.16,10438.7,1773.0,941.655,,
774,2020-02-14,9539.16,10438.7,1773.0,941.655,,
775,2020-02-15,9539.16,10438.7,1773.0,941.655,,
776,2020-02-16,9539.16,10438.7,1773.0,941.655,,
777,2020-02-17,9539.16,10438.7,1773.0,941.655,,
778,2020-02-18,9528.49,10319.35,1773.0,941.655,,
779,2020-02-19,9528.49,10319.35,1773.0,941.655,,
780,2020-02-20,9528.49,10319.35,1773.0,941.655,,
781,2020-02-21,9528.49,10319.35,1773.0,941.655,,
782,2020-02-22,9528.49,10319.35,1773.0,941.655,,
783,2020-02-23,9528.49,10319.35,1773.0,941.655,,
784,2020-02-24,9528.49,10319.35,1773.0,941.655,,
785,2020-02-25,9526.28,10329.35,1773.0,941.655,,
786,2020-02-26,9526.28,10329.35,1773.0,941.655,,
787,2020-02-27,9526.28,10329.35,1773.0,941.655,,
788,2020-02-28,9526.28,10329.35,1773.0,941.655,,
789,2020-02-29,9526.28,10329.35,1688.0,941.655,,
790,2020-03-01,9526.28,10329.35,1688.0,776.6,,
791,2020-03-02,9526.28,10329.35,1688.0,776.6,,
792,2020-03-03,9513.84,10489.01,1688.0,776.6,,
793,2020-03-04,9513.84,10489.01,1688.0,776.6,,
794,2020-03-05,9513.84,10489.01,1688.0,776.6,,
795,2020-03-06,9513.84,10489.01,1688.0,776.6,,
796,2020-03-07,9513.84,10489.01,1688.0,776.6,,
797,2020-03-08,9513.84,10489.01,1688.0,776.6,,
798,2020-03-09,9513.84,10489.01,1688.0,776.6,,
799,2020-03-10,9500.54,10721.36,1688.0,776.6,,
800,2020-03-11,9500.54,10721.36,1688.0,776.6,,
801,2020-03-12,9500.54,10721.36,1688.0,776.6,,
802,2020-03-13,9500.54,10721.36,1688.0,776.6,,
803,2020-03-14,9500.54,10721.36,1688.0,776.6,,
804,2020-03-15,9500.54,10721.36,1688.0,776.6,,
805,2020-03-16,9500.54,10721.36,1688.0,776.6,,
806,2020-03-17,9520.34,10572.34,1688.0,776.6,,
807,2020-03-18,9520.34,10572.34,1688.0,776.6,,
808,2020-03-19,9520.34,10572.34,1688.0,776.6,,
809,2020-03-20,9520.34,10572.34,1688.0,776.6,,
810,2020-03-21,9520.34,10572.34,1688.0,776.6,,
811,2020-03-22,9520.34,10572.34,1688.0,776.6,,
812,2020-03-23,9520.34,10572.34,1688.0,776.6,,
813,2020-03-24,9520.34,10572.34,1688.0,776.6,,
814,2020-03-25,9532.74,10220.05,1688.0,776.6,,
815,2020-03-26,9532.74,10220.05,1688.0,776.6,,
816,2020-03-27,9532.74,10220.05,1688.0,776.6,,
817,2020-03-28,9532.74,10220.05,1688.0,776.6,,
818,2020-03-29,9532.74,10220.05,1688.0,776.6,,
819,2020-03-30,9532.74,10220.05,1688.0,776.6,,
820,2020-03-31,9554.22,10637.67,1611.0,776.6,,
821,2020-04-01,9554.22,10637.67,1611.0,775.968,,
822,2020-04-02,9554.22,10637.67,1611.0,775.968,,
823,2020-04-03,9554.22,10637.67,1611.0,775.968,,
824,2020-04-04,9554.22,10637.67,1611.0,775.968,,
825,2020-04-05,9554.22,10637.67,1611.0,775.968,,
826,2020-04-06,9554.22,10637.67,1611.0,775.968,,
827,2020-04-07,9590.1,10364.98,1611.0,775.968,,
828,2020-04-08,9590.1,10364.98,1611.0,775.968,,
829,2020-04-09,9590.1,10364.98,1611.0,775.968,,
830,2020-04-10,9590.1,10364.98,1611.0,775.968,,
831,2020-04-11,9590.1,10364.98,1611.0,775.968,,
832,2020-04-12,9590.1,10364.98,1611.0,775.968,,
833,2020-04-13,9590.1,10364.98,1611.0,775.968,,
834,2020-04-14,9693.36,10599.69,1611.0,775.968,,
835,2020-04-15,9693.36,10599.69,1611.0,775.968,,
836,2020-04-16,10121.0,11111.85,1611.0,775.968,,
837,2020-04-17,10121.0,11111.85,1611.0,775.968,,
838,2020-04-18,10121.0,11111.85,1611.0,775.968,,
839,2020-04-19,10121.0,11111.85,1611.0,775.968,,
840,2020-04-20,10121.0,11111.85,1611.0,775.968,,
841,2020-04-21,10137.94,11026.02,1611.0,775.968,,
842,2020-04-22,10137.94,11026.02,1611.0,775.968,,
843,2020-04-23,10137.94,11026.02,1611.0,775.968,,
844,2020-04-24,10137.94,11026.02,1611.0,775.968,,
845,2020-04-25,10137.94,11026.02,1611.0,775.968,,
846,2020-04-26,10137.94,11026.02,1611.0,775.968,,
847,2020-04-27,10137.94,11026.02,1611.0,775.968,,
848,2020-04-28,10130.0,10960.66,1611.0,775.968,,
849,2020-04-29,10130.0,10960.66,1611.0,775.968,,
850,2020-04-30,10130.0,10960.66,1460.0,775.968,,
851,2020-05-01,10130.0,10960.66,1460.0,846.9045,,
852,2020-05-02,10130.0,10960.66,1460.0,846.9045,,
853,2020-05-03,10130.0,10960.66,1460.0,846.9045,,
854,2020-05-04,10130.0,10960.66,1460.0,846.9045,,
855,2020-05-05,10129.39,11125.11,1460.0,846.9045,,
856,2020-05-06,10129.39,11125.11,1460.0,846.9045,,
857,2020-05-07,10129.39,11125.11,1460.0,846.9045,,
858,2020-05-08,10129.39,11125.11,1460.0,846.9045,,
859,2020-05-09,10129.39,11125.11,1460.0,846.9045,,
860,2020-05-10,10129.39,11125.11,1460.0,846.9045,,
861,2020-05-11,10129.39,11125.11,1460.0,846.9045,,
862,2020-05-12,10137.2,10988.72,1460.0,846.9045,,
863,2020-05-13,10137.2,10988.72,1460.0,846.9045,,
864,2020-05-14,10137.2,10988.72,1460.0,846.9045,,
865,2020-05-15,10137.2,10988.72,1460.0,846.9045,,
866,2020-05-16,10137.2,10988.72,1460.0,846.9045,,
867,2020-05-17,10137.2,10988.72,1460.0,846.9045,,
868,2020-05-18,10137.2,10988.72,1460.0,846.9045,,
869,2020-05-19,10129.56,10955.12,1460.0,846.9045,,
870,2020-05-20,10129.56,10955.12,1460.0,846.9045,,
871,2020-05-21,10129.56,10955.12,1460.0,846.9045,,
872,2020-05-22,10129.56,10955.12,1460.0,846.9045,,
873,2020-05-23,10129.56,10955.12,1460.0,846.9045,,
874,2020-05-24,10129.56,10955.12,1460.0,846.9045,,
875,2020-05-25,10129.56,10955.12,1460.0,846.9045,,
876,2020-05-26,10139.3,11051.84,1460.0,846.9045,,
877,2020-05-27,10139.3,11051.84,1460.0,846.9045,,
878,2020-05-28,10139.3,11051.84,1460.0,846.9045,,
879,2020-05-29,10139.3,11051.84,1460.0,846.9045,,
880,2020-05-30,10139.3,11051.84,1460.0,846.9045,,
881,2020-05-31,10139.3,11051.84,1466.0,846.9045,,
882,2020-06-01,10139.3,11051.84,1466.0,875.885,,
883,2020-06-02,10148.31,11262.59,1466.0,875.885,,
884,2020-06-03,10148.31,11262.59,1466.0,875.885,,
885,2020-06-04,10148.31,11262.59,1466.0,875.885,,
886,2020-06-05,10148.31,11262.59,1466.0,875.885,,
887,2020-06-06,10148.31,11262.59,1466.0,875.885,,
888,2020-06-07,10148.31,11262.59,1466.0,875.885,,
889,2020-06-08,10148.31,11262.59,1466.0,875.885,,
890,2020-06-09,10153.19,11456.86,1466.0,875.885,,
891,2020-06-10,10153.19,11456.86,1466.0,875.885,,
892,2020-06-11,10153.19,11456.86,1466.0,875.885,,
893,2020-06-12,10153.19,11456.86,1466.0,875.885,,
894,2020-06-13,10153.19,11456.86,1466.0,875.885,,
895,2020-06-14,10153.19,11456.86,1466.0,875.885,,
896,2020-06-15,10153.19,11456.86,1466.0,875.885,,
897,2020-06-16,10151.9,11424.95,1466.0,875.885,,
898,2020-06-17,10151.9,11424.95,1466.0,875.885,,
899,2020-06-18,10151.9,11424.95,1466.0,875.885,,
900,2020-06-19,10151.9,11424.95,1466.0,875.885,,
901,2020-06-20,10151.9,11424.95,1466.0,875.885,,
902,2020-06-21,10151.9,11424.95,1466.0,875.885,,
903,2020-06-22,10151.9,11424.95,1466.0,875.885,,
904,2020-06-23,10172.76,11368.06,1466.0,875.885,,
905,2020-06-24,10172.76,11368.06,1466.0,875.885,,
906,2020-06-25,10172.76,11368.06,1466.0,875.885,,
907,2020-06-26,10172.76,11368.06,1466.0,875.885,,
908,2020-06-27,10172.76,11368.06,1466.0,875.885,,
909,2020-06-28,10172.76,11368.06,1466.0,875.885,,
910,2020-06-29,10172.76,11368.06,1466.0,875.885,,
911,2020-06-30,10173.38,11411.48,1569.0,875.885,,
912,2020-07-01,10173.38,11411.48,1569.0,986.592,,
913,2020-07-02,10173.38,11411.48,1569.0,986.592,,
914,2020-07-03,10173.38,11411.48,1569.0,986.592,,
915,2020-07-04,10173.38,11411.48,1569.0,986.592,,
916,2020-07-05,10173.38,11411.48,1569.0,986.592,,
917,2020-07-06,10173.38,11411.48,1569.0,986.592,,
918,2020-07-07,10184.73,11455.78,1569.0,986.592,,
919,2020-07-08,10184.73,11455.78,1569.0,986.592,,
920,2020-07-09,10184.73,11455.78,1569.0,986.592,,
921,2020-07-10,10184.73,11455.78,1569.0,986.592,,
922,2020-07-11,10184.73,11455.78,1569.0,986.592,,
923,2020-07-12,10184.73,11455.78,1569.0,986.592,,
924,2020-07-13,10184.73,11455.78,1569.0,986.592,,
925,2020-07-14,10194.96,11518.27,1569.0,986.592,,
926,2020-07-15,10194.96,11518.27,1569.0,986.592,,
927,2020-07-16,10194.96,11518.27,1569.0,986.592,,
928,2020-07-17,10194.96,11518.27,1569.0,986.592,,
929,2020-07-18,10194.96,11518.27,1569.0,986.592,,
930,2020-07-19,10194.96,11518.27,1569.0,986.592,,
931,2020-07-20,10194.96,11518.27,1569.0,986.592,,
932,2020-07-21,10210.39,11666.39,1569.0,986.592,,
933,2020-07-22,10210.39,11666.39,1569.0,986.592,,
934,2020-07-23,10210.39,11666.39,1569.0,986.592,,
935,2020-07-24,10210.39,11666.39,1569.0,986.592,,
936,2020-07-25,10210.39,11666.39,1569.0,986.592,,
937,2020-07-26,10210.39,11666.39,1569.0,986.592,,
938,2020-07-27,10210.39,11666.39,1569.0,986.592,,
939,2020-07-28,10207.69,11896.04,1569.0,986.592,,
940,2020-07-29,10207.69,11896.04,1569.0,986.592,,
941,2020-07-30,10207.69,11896.04,1569.0,986.592,,
942,2020-07-31,10207.69,11896.04,1644.0,986.592,,
943,2020-08-01,10207.69,11896.04,1644.0,980.39,,
944,2020-08-02,10207.69,11896.04,1644.0,980.39,,
945,2020-08-03,10207.69,11896.04,1644.0,980.39,,
946,2020-08-04,10209.86,12021.09,1644.0,980.39,,
947,2020-08-05,10209.86,12021.09,1644.0,980.39,,
948,2020-08-06,10209.86,12021.09,1644.0,980.39,,
949,2020-08-07,10209.86,12021.09,1644.0,980.39,,
950,2020-08-08,10209.86,12021.09,1644.0,980.39,,
951,2020-08-09,10209.86,12021.09,1644.0,980.39,,
952,2020-08-10,10209.86,12021.09,1644.0,980.39,,
953,2020-08-11,10231.71,12059.09,1644.0,980.39,,
954,2020-08-12,10231.71,12059.09,1644.0,980.39,,
955,2020-08-13,10231.71,12059.09,1644.0,980.39,,
956,2020-08-14,10231.71,12059.09,1644.0,980.39,,
957,2020-08-15,10231.71,12059.09,1644.0,980.39,,
958,2020-08-16,10231.71,12059.09,1644.0,980.39,,
959,2020-08-17,10231.71,12059.09,1644.0,980.39,,
960,2020-08-18,10246.71,12133.13,1644.0,980.39,,
961,2020-08-19,10246.71,12133.13,1644.0,980.39,,
962,2020-08-20,10246.71,12133.13,1644.0,980.39,,
963,2020-08-21,10246.71,12133.13,1644.0,980.39,,
964,2020-08-22,10246.71,12133.13,1644.0,980.39,,
965,2020-08-23,10246.71,12133.13,1644.0,980.39,,
966,2020-08-24,10246.71,12133.13,1644.0,980.39,,
967,2020-08-25,10262.87,12105.06,1644.0,980.39,,
968,2020-08-26,10262.87,12105.06,1644.0,980.39,,
969,2020-08-27,10262.87,12105.06,1644.0,980.39,,
970,2020-08-28,10262.87,12105.06,1644.0,980.39,,
971,2020-08-29,10262.87,12105.06,1644.0,980.39,,
972,2020-08-30,10262.87,12105.06,1644.0,980.39,,
973,2020-08-31,10262.87,12105.06,1791.0,980.39,,
974,2020-09-01,10262.87,12105.06,1791.0,981.088,,
975,2020-09-02,10262.87,12105.06,1791.0,981.088,,
976,2020-09-03,10270.08,12231.67,1791.0,981.088,,
977,2020-09-04,10270.08,12231.67,1791.0,981.088,,
978,2020-09-05,10270.08,12231.67,1791.0,981.088,,
979,2020-09-06,10270.08,12231.67,1791.0,981.088,,
980,2020-09-07,10270.08,12231.67,1791.0,981.088,,
981,2020-09-08,10274.17,12162.56,1791.0,981.088,,
982,2020-09-09,10274.17,12162.56,1791.0,981.088,,
983,2020-09-10,10274.17,12162.56,1791.0,981.088,,
984,2020-09-11,10274.17,12162.56,1791.0,981.088,,
985,2020-09-12,10274.17,12162.56,1791.0,981.088,,
986,2020-09-13,10274.17,12162.56,1791.0,981.088,,
987,2020-09-14,10274.17,12162.56,1791.0,981.088,,
988,2020-09-15,10295.33,12194.82,1791.0,981.088,,
989,2020-09-16,10295.33,12194.82,1791.0,981.088,,
990,2020-09-17,10295.33,12194.82,1791.0,981.088,,
991,2020-09-18,10295.33,12194.82,1791.0,981.088,,
992,2020-09-19,10295.33,12194.82,1791.0,981.088,,
993,2020-09-20,10295.33,12194.82,1791.0,981.088,,
994,2020-09-21,10295.33,12194.82,1791.0,981.088,,
995,2020-09-22,10315.62,12210.6,1791.0,981.088,,
996,2020-09-23,10315.62,12210.6,1791.0,981.088,,
997,2020-09-24,10315.62,12210.6,1791.0,981.088,,
998,2020-09-25,10315.62,12210.6,1791.0,981.088,,
999,2020-09-26,10315.62,12210.6,1791.0,981.088,,
1000,2020-09-27,10315.62,12210.6,1791.0,981.088,,
1001,2020-09-28,10315.62,12210.6,1791.0,981.088,,
1002,2020-09-29,10321.21,12003.57,1791.0,981.088,,
1003,2020-09-30,10321.21,12003.57,1760.0,981.088,,
1004,2020-10-01,10321.21,12003.57,1760.0,1039.077,,
1005,2020-10-02,10321.21,12003.57,1760.0,1039.077,,
1006,2020-10-03,10321.21,12003.57,1760.0,1039.077,,
1007,2020-10-04,10321.21,12003.57,1760.0,1039.077,,
1008,2020-10-05,10321.21,12003.57,1760.0,1039.077,,
1009,2020-10-06,10339.68,12110.87,1760.0,1039.077,,
1010,2020-10-07,10339.68,12110.87,1760.0,1039.077,,
1011,2020-10-08,10339.68,12110.87,1760.0,1039.077,,
1012,2020-10-09,10339.68,12110.87,1760.0,1039.077,,
1013,2020-10-10,10339.68,12110.87,1760.0,1039.077,,
1014,2020-10-11,10339.68,12110.87,1760.0,1039.077,,
1015,2020-10-12,10339.68,12110.87,1760.0,1039.077,,
1016,2020-10-13,10364.48,12254.96,1760.0,1039.077,,
1017,2020-10-14,10364.48,12254.96,1760.0,1039.077,,
1018,2020-10-15,10364.48,12254.96,1760.0,1039.077,,
1019,2020-10-16,10364.48,12254.96,1760.0,1039.077,,
1020,2020-10-17,10364.48,12254.96,1760.0,1039.077,,
1021,2020-10-18,10364.48,12254.96,1760.0,1039.077,,
1022,2020-10-19,10364.48,12254.96,1760.0,1039.077,,
1023,2020-10-20,10371.76,12153.63,1760.0,1039.077,,
1024,2020-10-21,10371.76,12153.63,1760.0,1039.077,,
1025,2020-10-22,10371.76,12153.63,1760.0,1039.077,,
1026,2020-10-23,10371.76,12153.63,1760.0,1039.077,,
1027,2020-10-24,10371.76,12153.63,1760.0,1039.077,,
1028,2020-10-25,10371.76,12153.63,1760.0,1039.077,,
1029,2020-10-26,10371.76,12153.63,1760.0,1039.077,,
1030,2020-10-27,10359.88,12285.78,1760.0,1039.077,,
1031,2020-10-28,10359.88,12285.78,1760.0,1039.077,,
1032,2020-10-29,10359.88,12285.78,1760.0,1039.077,,
1033,2020-10-30,10359.88,12285.78,1760.0,1039.077,,
1034,2020-10-31,10359.88,12285.78,1858.0,1039.077,,
1035,2020-11-01,10359.88,12285.78,1858.0,1156.7185,,
1036,2020-11-02,10359.88,12285.78,1858.0,1156.7185,,
1037,2020-11-03,10366.86,12074.28,1858.0,1156.7185,,
1038,2020-11-04,10366.86,12074.28,1858.0,1156.7185,,
1039,2020-11-05,10366.86,12074.28,1858.0,1156.7185,,
1040,2020-11-06,10366.86,12074.28,1858.0,1156.7185,,
1041,2020-11-07,10366.86,12074.28,1858.0,1156.7185,,
1042,2020-11-08,10366.86,12074.28,1858.0,1156.7185,,
1043,2020-11-09,10366.86,12074.28,1858.0,1156.7185,,
1044,2020-11-10,10378.88,12321.81,1858.0,1156.7185,,
1045,2020-11-11,10378.88,12321.81,1858.0,1156.7185,,
1046,2020-11-12,10378.88,12321.81,1858.0,1156.7185,,
1047,2020-11-13,10378.88,12321.81,1858.0,1156.7185,,
1048,2020-11-14,10378.88,12321.81,1858.0,1156.7185,,
1049,2020-11-15,10378.88,12321.81,1858.0,1156.7185,,
1050,2020-11-16,10378.88,12321.81,1858.0,1156.7185,,
1051,2020-11-17,10390.93,12294.55,1858.0,1156.7185,,
1052,2020-11-18,10390.93,12294.55,1858.0,1156.7185,,
1053,2020-11-19,10390.93,12294.55,1858.0,1156.7185,,
1054,2020-11-20,10390.93,12294.55,1858.0,1156.7185,,
1055,2020-11-21,10390.93,12294.55,1858.0,1156.7185,,
1056,2020-11-22,10390.93,12294.55,1858.0,1156.7185,,
1057,2020-11-23,10390.93,12294.55,1858.0,1156.7185,,
1058,2020-11-24,10414.86,12344.73,1858.0,1156.7185,,
1059,2020-11-25,10414.86,12344.73,1858.0,1156.7185,,
1060,2020-11-26,10414.86,12344.73,1858.0,1156.7185,,
1061,2020-11-27,10414.86,12344.73,1858.0,1156.7185,,
1062,2020-11-28,10414.86,12344.73,1858.0,1156.7185,,
1063,2020-11-29,10414.86,12344.73,1858.0,1156.7185,,
1064,2020-11-30,10414.86,12344.73,2016.0,1156.7185,,
1065,2020-12-01,10427.38,12473.23,2016.0,1082.358,,
1066,2020-12-02,10427.38,12473.23,2016.0,1082.358,,
1067,2020-12-03,10427.38,12473.23,2016.0,1082.358,,
1068,2020-12-04,10427.38,12473.23,2016.0,1082.358,,
1069,2020-12-05,10427.38,12473.23,2016.0,1082.358,,
1070,2020-12-06,10427.38,12473.23,2016.0,1082.358,,
1071,2020-12-07,10427.38,12473.23,2016.0,1082.358,,
1072,2020-12-08,10443.07,12657.0,2016.0,1082.358,,
1073,2020-12-09,10443.07,12657.0,2016.0,1082.358,,
1074,2020-12-10,10443.07,12657.0,2016.0,1082.358,,
1075,2020-12-11,10443.07,12657.0,2016.0,1082.358,,
1076,2020-12-12,10443.07,12657.0,2016.0,1082.358,,
1077,2020-12-13,10443.07,12657.0,2016.0,1082.358,,
1078,2020-12-14,10443.07,12657.0,2016.0,1082.358,,
1079,2020-12-15,10463.12,12671.88,2016.0,1082.358,,
1080,2020-12-16,10463.12,12671.88,2016.0,1082.358,,
1081,2020-12-17,10463.12,12671.88,2016.0,1082.358,,
1082,2020-12-18,10463.12,12671.88,2016.0,1082.358,,
1083,2020-12-19,10463.12,12671.88,2016.0,1082.358,,
1084,2020-12-20,10463.12,12671.88,2016.0,1082.358,,
1085,2020-12-21,10463.12,12671.88,2016.0,1082.358,,
1086,2020-12-22,10473.77,12835.61,2016.0,1082.358,,
1087,2020-12-23,10473.77,12835.61,2016.0,1082.358,,
1088,2020-12-24,10473.77,12835.61,2016.0,1082.358,,
1089,2020-12-25,10473.77,12835.61,2016.0,1082.358,,
1090,2020-12-26,10473.77,12835.61,2016.0,1082.358,,
1091,2020-12-27,10473.77,12835.61,2016.0,1082.358,,
1092,2020-12-28,10473.77,12835.61,2016.0,1082.358,,
1093,2020-12-29,10476.92,12786.03,2016.0,1082.358,,
1094,2020-12-30,10476.92,12786.03,2016.0,1082.358,,
1095,2020-12-31,10476.92,12786.03,1980.0,1082.358,,
1096,2021-01-01,10476.92,12786.03,1980.0,1155.365,,
1097,2021-01-02,10476.92,12786.03,1980.0,1155.365,,
1098,2021-01-03,10476.92,12786.03,1980.0,1155.365,,
1099,2021-01-04,10476.92,12786.03,1980.0,1155.365,,
1100,2021-01-05,10449.44,12761.9,1980.0,1155.365,,
1101,2021-01-06,10449.44,12761.9,1980.0,1155.365,,
1102,2021-01-07,10449.44,12761.9,1980.0,1155.365,,
1103,2021-01-08,10449.44,12761.9,1980.0,1155.365,,
1104,2021-01-09,10449.44,12761.9,1980.0,1155.365,,
1105,2021-01-10,10449.44,12761.9,1980.0,1155.365,,
1106,2021-01-11,10449.44,12761.9,1980.0,1155.365,,
1107,2021-01-12,10473.2,12796.16,1980.0,1155.365,,
1108,2021-01-13,10473.2,12796.16,1980.0,1155.365,,
1109,2021-01-14,10473.2,12796.16,1980.0,1155.365,,
1110,2021-01-15,10473.2,12796.16,1980.0,1155.365,,
1111,2021-01-16,10473.2,12796.16,1980.0,1155.365,,
1112,2021-01-17,10473.2,12796.16,1980.0,1155.365,,
1113,2021-01-18,10473.2,12796.16,1980.0,1155.365,,
1114,2021-01-19,10500.81,12682.88,1980.0,1155.365,,
1115,2021-01-20,10500.81,12682.88,1980.0,1155.365,,
1116,2021-01-21,10500.81,12682.88,1980.0,1155.365,,
1117,2021-01-22,10500.81,12682.88,1980.0,1155.365,,
1118,2021-01-23,10500.81,12682.88,1980.0,1155.365,,
1119,2021-01-24,10500.81,12682.88,1980.0,1155.365,,
1120,2021-01-25,10500.81,12682.88,1980.0,1155.365,,
1121,2021-01-26,10518.99,12798.46,1980.0,1155.365,,
1122,2021-01-27,10518.99,12798.46,1980.0,1155.365,,
1123,2021-01-28,10518.99,12798.46,1980.0,1155.365,,
1124,2021-01-29,10518.99,12798.46,1980.0,1155.365,,
1125,2021-01-30,10518.99,12798.46,1980.0,1155.365,,
1126,2021-01-31,10518.99,12798.46,1994.0,1155.365,,
1127,2021-02-01,10518.99,12798.46,1994.0,1323.98,,
1128,2021-02-02,10540.44,12791.88,1994.0,1323.98,,
1129,2021-02-03,10540.44,12791.88,1994.0,1323.98,,
1130,2021-02-04,10540.44,12791.88,1994.0,1323.98,,
1131,2021-02-05,10540.44,12791.88,1994.0,1323.98,,
1132,2021-02-06,10540.44,12791.88,1994.0,1323.98,,
1133,2021-02-07,10540.44,12791.88,1994.0,1323.98,,
1134,2021-02-08,10540.44,12791.88,1994.0,1323.98,,
1135,2021-02-09,10530.83,12681.23,1994.0,1323.98,,
1136,2021-02-10,10530.83,12681.23,1994.0,1323.98,,
1137,2021-02-11,10530.83,12681.23,1994.0,1323.98,,
1138,2021-02-12,10530.83,12681.23,1994.0,1323.98,,
1139,2021-02-13,10530.83,12681.23,1994.0,1323.98,,
1140,2021-02-14,10530.83,12681.23,1994.0,1323.98,,
1141,2021-02-15,10530.83,12681.23,1994.0,1323.98,,
1142,2021-02-16,10540.09,12790.4,1994.0,1323.98,,
1143,2021-02-17,10527.18,12794.21,1994.0,1323.98,,
1144,2021-02-18,10521.48,12696.8,1994.0,1323.98,,
1145,2021-02-19,10514.58,12695.3,1994.0,1323.98,,
1146,2021-02-20,10514.58,12695.3,1994.0,1323.98,,
1147,2021-02-21,10514.0,12695.0,2135.0,1323.98,,
1148,2021-02-22,10532.0,12779.0,2135.0,1323.98,,
1149,2021-02-23,10549.0,12773.0,2135.0,1323.98,,
1150,2021-02-24,10542.0,12808.0,2136.0,1323.98,,
1151,2021-02-25,10554.0,12837.0,2145.0,1323.98,,
1152,2021-02-26,10538.0,12879.0,2145.0,1323.98,,
1153,2021-02-27,10538.0,12879.0,2223.0,1323.98,,
1154,2021-03-01,10538.0,12879.0,2202.0,1330.672,,
1155,2021-03-02,10525.0,12763.0,2202.0,1330.672,,
1156,2021-03-03,10500.0,12607.0,2154.0,1330.672,,
1157,2021-03-04,10500.0,12607.0,2176.0,1330.672,,
1158,2021-03-05,10487.0,12692.0,2203.0,1330.672,,
1159,2021-03-06,10477.0,12606.0,2169.0,1330.672,,
1160,2021-03-07,10477.0,12606.0,2185.0,1330.672,,
1161,2021-03-08,10477.0,12606.0,2185.0,1330.672,,
1162,2021-03-09,10490.0,12513.0,2152.0,1330.672,,
1163,2021-03-10,10490.0,12513.0,2152.0,1330.672,,
1164,2021-03-11,10497.0,12498.0,2141.0,1330.672,,
1165,2021-03-12,10513.0,12578.0,2149.0,1330.672,,
1166,2021-03-13,10513.0,12578.0,2159.0,1330.672,,
1167,2021-03-14,10513.0,12578.0,2139.0,1330.672,,
1168,2021-03-15,10518.0,12536.0,2139.0,1330.672,,
1169,2021-03-16,10528.0,12558.0,2139.0,1330.672,,
1170,2021-03-17,10528.0,12558.0,2184.0,1330.672,,
1171,2021-03-18,10523.0,12534.0,2174.0,1330.672,,
1172,2021-03-19,10513.0,12555.0,2202.0,1330.672,,
1173,2021-03-22,10513.0,12555.0,2188.0,1330.672,,
1174,2021-03-23,10505.0,12494.0,2188.0,1330.672,,
1175,2021-03-24,10496.0,12482.0,2254.0,1330.672,,
1176,2021-03-25,10507.0,12435.0,2205.0,1330.672,,
1177,2021-03-26,10490.0,12390.0,2220.0,1330.672,,
1178,2021-03-27,10510.0,12394.0,2208.0,1330.672,,
1179,2021-03-29,10502.0,12390.0,2260.0,1330.672,,
1180,2021-03-30,10486.0,12347.0,2260.0,1330.672,,
1181,2021-03-31,10474.0,12296.0,2255.0,1330.672,,
1182,2021-04-01,10485.0,12298.0,2220.0,1395.0,,
1183,2021-04-02,10472.0,12294.0,2212.0,1395.0,,
1184,2021-04-03,10472.0,12294.0,2212.0,1395.0,,
1185,2021-04-05,10472.0,12335.0,2212.0,1395.0,,
1186,2021-04-06,10482.0,12308.0,2212.0,1395.0,,
1187,2021-04-07,10468.0,12365.0,2247.0,1395.0,,
1188,2021-04-08,10479.0,12454.0,2239.0,1395.0,,
1189,2021-04-09,10473.0,12426.0,2267.0,1395.0,,
1190,2021-04-10,10473.0,12426.0,2250.0,1395.0,,
1191,2021-04-12,10477.0,12460.0,2250.0,1395.0,,
1192,2021-04-13,10475.0,12469.0,2250.0,1395.0,,
1193,2021-04-14,10492.0,12480.0,2254.0,1395.0,,
1194,2021-04-15,10496.0,12551.0,2278.0,1395.0,,
1195,2021-04-16,10507.0,12586.0,2297.0,1395.0,,
1196,2021-04-17,10507.0,12586.0,2328.0,1395.0,,
1197,2021-04-19,10512.0,12591.0,2308.0,1395.0,,
1198,2021-04-20,10525.0,12670.0,2308.0,1395.0,,
1199,2021-04-21,10537.0,12706.0,2331.0,1395.0,,
1200,2021-04-22,10552.0,12669.0,2324.0,1395.0,,
1201,2021-04-23,10535.0,12686.0,2344.0,1395.0,,
1202,2021-04-24,10535.0,12686.0,2373.0,1395.0,,
1203,2021-04-26,10539.0,12708.0,2373.0,1395.0,,
1204,2021-04-27,10548.0,12760.0,2388.0,1395.0,,
1205,2021-04-28,10529.0,12703.0,2388.0,1395.0,,
1206,2021-04-29,10529.0,12703.0,2389.0,1397.0,,
1207,2021-04-30,10509.0,12735.0,2392.0,1398.0,,
1208,2021-05-01,10509.0,12735.0,2432.0,1398.0,,
1209,2021-05-03,10523.0,12728.0,2445.0,1398.0,,
1210,2021-05-04,10523.0,12728.0,2445.0,1405.0,,
1211,2021-05-05,10513.0,12625.0,2445.0,1405.0,,
1212,2021-05-06,10501.0,12605.0,2434.0,1404.0,,
1213,2021-05-07,10493.0,12641.0,2446.0,1408.0,,
1214,2021-05-08,10493.0,12641.0,2476.0,1468.0,,
1215,2021-05-10,10511.0,12697.0,2518.0,1469.0,,
1216,2021-05-11,10529.0,12808.0,2518.0,1478.0,,
1217,2021-05-12,10542.0,12826.0,2565.0,1474.0,,
1218,2021-05-17,10550.0,12804.0,2438.0,1460.0,,
1219,2021-05-18,10566.0,12843.0,2438.0,1449.0,,
1220,2021-05-19,10577.0,12921.0,2455.0,1450.0,,
1221,2021-05-20,10586.0,12927.0,2468.0,1456.0,,
1222,2021-05-21,10597.0,12915.0,2402.0,1457.0,,
1223,2021-05-22,10597.0,12915.0,2403.0,1381.0,,
1224,2021-05-24,10578.0,12933.0,2403.0,1381.0,,
1225,2021-05-25,10596.0,12940.0,2305.0,1408.0,,
1226,2021-05-26,10601.0,12992.0,2305.0,1410.0,,
1227,2021-05-27,10609.0,12991.0,2341.0,1384.0,,
1228,2021-05-28,10589.0,12912.0,2359.0,1385.0,,
1229,2021-05-29,10589.0,12912.0,2388.0,1396.0,,
1230,2021-05-31,10580.0,12893.0,2404.0,1396.0,,
1231,2021-06-01,10568.0,12879.0,2404.0,1446.0,,
1232,2021-06-02,10559.0,12917.0,2404.0,1445.0,,
1233,2021-06-03,10550.0,12850.0,2461.0,1418.0,,
1234,2021-06-04,10539.0,12849.0,2442.0,1415.0,,
1235,2021-06-05,10539.0,12849.0,2386.0,1450.0,,
1236,2021-06-07,10547.0,12779.0,2412.0,1450.0,,
1237,2021-06-09,10554.0,12849.0,2417.0,1450.0,,
1238,2021-06-10,10571.0,12887.0,2439.0,1453.0,,
1239,2021-06-11,10588.0,12881.0,2459.0,1452.0,,
1240,2021-06-12,10588.0,12881.0,2470.0,1437.0,,
1241,2021-06-14,10597.0,12879.0,2490.0,1437.0,,
1242,2021-06-15,10609.0,12851.0,2490.0,1437.0,,
1243,2021-06-16,10616.0,12870.0,2504.0,1420.0,,
1244,2021-06-18,10581.0,12645.0,2458.0,1404.0,,
1245,2021-06-19,10581.0,12645.0,2427.0,1401.0,,
1246,2021-06-21,10567.0,12593.0,2374.0,1369.0,,
1247,2021-06-22,10586.0,12598.0,2374.0,1369.0,,
1248,2021-06-23,10581.0,12574.0,2353.0,1338.0,1564.334039,
1249,2021-06-24,10571.0,12623.0,2375.0,1339.0,1569.059211,
1250,2021-06-25,10564.0,12618.0,2386.0,1343.0,1507.105128,
1251,2021-06-26,10564.0,12618.0,2397.0,1343.0,1505.581408,
1252,2021-06-28,10576.0,12630.0,2451.0,1342.0,1505.28954,
1253,2021-06-29,10576.0,12630.0,2451.0,1393.0,1505.227012,
1254,2021-07-01,10591.0,12595.0,2518.0,1397.0,1625.029124,
1255,2021-07-05,10613.0,12548.0,2519.0,1398.0,1618.043615,
1256,2021-07-06,10593.0,12580.0,2519.0,1398.0,1619.325321,
1257,2021-07-09,10630.0,12580.0,2508.0,1433.0,1589.924102,
1258,2021-07-10,10630.0,12580.0,2435.0,1435.0,1594.606953,
1259,2021-07-12,10621.0,12592.0,2470.0,1436.0,1592.058974,
1260,2021-07-13,10637.0,12606.0,2470.0,1438.0,1602.170153,
1261,2021-07-14,10649.0,12611.0,2449.0,1436.0,1597.421319,
1262,2021-07-15,10660.0,12573.0,2478.0,1438.0,1599.446918,
1263,2021-07-17,10625.0,12559.0,2495.0,1416.0,1593.205011,
1264,2021-07-19,10625.0,12559.0,2493.0,1414.0,1583.501033,
1265,2021-07-21,10611.0,12527.0,2425.0,1451.0,1585.244977,
1266,2021-07-23,10598.0,12484.0,2432.0,1425.0,1600.094896,
1267,2021-07-26,10634.0,12519.0,2492.0,1425.0,1594.733358,
1268,2021-07-27,10657.0,12572.0,2492.0,1441.0,1598.123375,
1269,2021-07-28,10670.0,12571.0,2499.0,1436.0,1602.898039,
1270,2021-07-29,10648.0,12582.0,2497.0,1438.0,1610.970833,
1271,2021-07-30,10625.0,12616.0,2516.0,1439.0,1608.511972,
1272,2021-07-31,10625.0,12616.0,2556.0,1439.0,1569.23708,
1273,2021-08-03,10654.0,12674.0,2624.0,1438.0,1574.489684,
1274,2021-08-04,10646.0,12653.0,2635.0,1439.0,1575.029847,
1275,2021-08-05,10646.0,12653.0,2595.0,1438.0,1570.460983,
1276,2021-08-06,10618.0,12563.0,2575.0,1438.0,1570.503961,
1277,2021-08-07,10618.0,12563.0,2583.0,1487.0,1562.401307,
1278,2021-08-09,10639.0,12565.0,2618.0,1489.0,1563.273812,
1279,2021-08-10,10628.0,12499.0,2618.0,1488.0,1559.365787,
1280,2021-08-11,10651.0,12487.0,2547.0,1487.0,1552.342567,
1281,2021-08-12,10651.0,12487.0,2579.0,1489.0,1562.082341,
1282,2021-08-17,10660.0,12559.0,2602.0,1488.0,1479.549698,
1283,2021-08-18,10652.0,12539.0,2644.0,1447.0,1479.0256,
1284,2021-08-19,10644.0,12470.0,2633.0,1443.0,1465.251252,
1285,2021-08-20,10632.0,12436.0,2544.0,1433.0,1456.698513,
1286,2021-08-21,10632.0,12436.0,2544.0,1432.0,1461.798449,
1287,2021-08-23,10640.0,12423.0,2569.0,1441.0,1465.211699,
1288,2021-08-24,10640.0,12423.0,2569.0,1442.0,1468.084819,
1289,2021-08-25,10634.0,12475.0,2609.0,1459.0,1471.766923,
1290,2021-08-26,10654.0,12517.0,2648.0,1458.0,1467.152298,
1291,2021-08-27,10640.0,12526.0,2647.0,1459.0,1467.985558,
1292,2021-08-30,10651.0,12524.0,2673.0,1446.0,1475.246987,
1293,2021-09-03,10653.0,12570.0,2694.0,1511.0,1431.634098,
1294,2021-09-04,10653.0,12570.0,2696.0,1511.0,1431.397891,
1295,2021-09-06,10671.0,12616.0,2696.0,1510.0,1427.746616,
1296,2021-09-08,10695.0,12689.0,2740.0,1507.0,1419.531218,
1297,2021-09-09,10682.0,12623.0,2795.0,1609.0,1426.690055,
1298,2021-09-10,10668.0,12623.0,2839.0,1611.0,1429.02048,
1299,2021-09-13,10655.0,12612.0,2916.0,1612.0,1423.140541,
1300,2021-09-14,10651.0,12560.0,2891.0,1605.0,1382.056784,
1301,2021-09-15,10686.0,12625.0,2830.0,1606.0,1376.188258,
1302,2021-09-16,10706.0,12659.0,2893.0,1573.0,1387.228167,
1303,2021-09-17,10681.0,12572.0,2882.0,1569.0,1385.143519,
1304,2021-09-19,10681.0,12572.0,2886.0,1597.0,1378.908073,
1305,2021-09-20,10674.0,12576.0,2886.0,1597.0,1369.528769,
1306,2021-09-21,10686.0,12510.0,2886.0,1597.0,1370.949035,
1307,2021-09-22,10688.0,12544.0,2846.0,1598.0,1378.8513,
1308,2021-09-23,10679.0,12525.0,2938.0,1609.0,1382.798629,
1309,2021-09-24,10670.0,12507.0,2949.0,1609.0,1378.227112,
1310,2021-09-25,10670.0,12507.0,2926.0,1678.0,1381.315735,
1311,2021-09-27,10650.0,12497.0,2926.0,1679.0,1381.315735,
1312,2021-09-28,10665.0,12475.0,2891.0,1786.0,1387.285631,
1313,2021-09-29,10675.0,12468.0,2944.0,1782.0,1380.385799,
1314,2021-09-30,10691.0,12472.0,2912.0,1886.0,1382.684447,
1315,2021-10-01,10691.0,12472.0,2858.0,1891.0,1277.744229,
1316,2021-10-02,10691.0,12472.0,2849.0,1929.0,1280.151255,
1317,2021-10-04,10692.0,12400.0,2849.0,1929.0,1278.849984,
1318,2021-10-05,10677.0,12396.0,2916.0,1929.0,1281.349354,
1319,2021-10-06,10688.0,12402.0,2921.0,1929.0,1284.496199,
1320,2021-10-07,10671.0,12317.0,2897.0,1929.0,1288.977806,
1321,2021-10-08,10677.0,12345.0,2945.0,1928.0,1297.004737,
1322,2021-10-11,10680.0,12353.0,2957.0,1983.0,1296.083864,
1323,2021-10-12,10666.0,12324.0,3049.0,2101.0,1296.282373,
1324,2021-10-13,10684.0,12348.0,3063.0,2104.0,1296.029735,
1325,2021-10-14,10700.0,12366.0,3063.0,2092.0,1304.163281,
1326,2021-10-17,10710.0,12436.0,3164.0,2094.0,1246.564735,
1327,2021-10-19,10700.0,12395.0,3167.0,1960.0,1245.985843,
1328,2021-10-20,10702.0,12486.0,3108.0,1963.0,1246.161208,
1329,2021-10-21,10682.0,12417.0,3069.0,1849.0,1245.039724,
1330,2021-10-22,10682.0,12417.0,2910.0,1849.0,1245.705362,
1331,2021-10-25,10703.0,12461.0,2868.0,1724.0,1259.258733,
1332,2021-10-26,10695.0,12435.0,2875.0,1712.0,1270.461459,
1333,2021-10-27,10683.0,12410.0,2834.0,1712.0,1265.486093,
1334,2021-10-28,10676.0,12375.0,2684.0,1612.0,1252.277099,
1335,2021-10-29,10683.0,12384.0,2762.0,1614.0,1257.881203,
1336,2021-11-01,10674.0,12438.0,2716.0,1525.0,1118.422905,
1337,2021-11-02,10690.0,12364.0,2714.0,1523.0,1111.460825,
1338,2021-11-03,10712.0,12424.0,2692.0,1522.0,1108.591919,
1339,2021-11-04,10695.0,12398.0,2659.0,1460.0,1107.325027,
1340,2021-11-05,10680.0,12339.0,2564.0,1458.0,1104.723107,
1341,2021-11-06,10680.0,12339.0,2554.0,1414.0,1115.063995,
1342,2021-11-08,10705.0,12356.0,2554.0,1414.0,1114.563461,
1343,2021-11-09,10693.0,12362.0,2605.0,1410.0,1115.564978,
1344,2021-11-10,10680.0,12382.0,2561.0,1410.0,1122.087276,
1345,2021-11-11,10715.0,12406.0,2581.0,1428.0,1117.149164,
1346,2021-11-12,10732.0,12302.0,2659.0,1430.0,1110.590833,
1347,2021-11-13,10732.0,12302.0,2700.0,1434.0,1090.05227,
1348,2021-11-14,10732.0,12302.0,2700.0,1500.0,1091.712283,
1349,2021-11-15,10737.0,12286.0,2700.0,1499.0,1095.213191,
1350,2021-11-16,10721.0,12275.0,2656.0,1436.0,1097.584861,
1351,2021-11-17,10740.0,12203.0,2570.0,1433.0,1088.531407,
1352,2021-11-18,10755.0,12167.0,2611.0,1417.0,1095.771196,
1353,2021-11-19,10768.0,12203.0,2600.0,1415.0,1092.851748,
1354,2021-11-20,10768.0,12203.0,2675.0,1507.0,1082.917137,
1355,2021-11-22,10741.0,12136.0,2675.0,1508.0,1084.451955,
1356,2021-11-23,10756.0,12133.0,2684.0,1491.0,1063.622754,
1357,2021-11-24,10765.0,12121.0,2672.0,1490.0,1067.446477,
1358,2021-11-25,10745.0,12043.0,2703.0,1512.0,1065.474118,
1359,2021-11-26,10757.0,12074.0,2706.0,1512.0,1054.741139,
1360,2021-11-29,10757.0,12074.0,2624.0,1473.0,1062.500835,
1361,2021-11-30,10787.0,12174.0,2629.0,1474.0,1062.713675,
1362,2021-12-01,10778.0,12249.0,2626.0,1435.0,1118.484824,
1363,2021-12-02,10766.0,12194.0,2664.0,1435.0,1117.622391,
1364,2021-12-03,10760.0,12186.0,2607.0,1435.0,1120.867194,
1365,2021-12-05,10760.0,12186.0,2621.0,1380.0,1117.864343,
1366,2021-12-06,10775.0,12173.0,2621.0,1380.0,1123.67222,
1367,2021-12-07,10769.0,12166.0,2592.0,1415.0,1114.651916,
1368,2021-12-09,10769.0,12166.0,2633.0,1407.0,1122.908597,
1369,2021-12-10,10795.0,12219.0,2626.0,1402.0,1124.008544,
1370,2021-12-13,10807.0,12193.0,2606.0,1359.0,1126.860073,
1371,2021-12-14,10807.0,12193.0,2652.0,1358.0,1123.565251,
1372,2021-12-15,10845.0,12255.0,2628.0,1359.0,1125.803614,
1373,2021-12-16,10830.0,12207.0,2603.0,1308.0,1129.84067,
1374,2021-12-17,10840.0,12264.0,2667.0,1308.0,1126.672807,
1375,2021-12-20,10840.0,12264.0,2724.0,1315.0,1117.379974,
1376,2021-12-21,10828.0,12195.0,2715.0,1330.0,1124.93576,
1377,2021-12-22,10837.0,12241.0,2753.0,1328.0,1127.619771,
1378,2021-12-23,10848.0,12240.0,2824.0,1328.0,1131.115886,
1379,2021-12-24,10807.0,12234.0,2846.0,1328.0,1134.014997,
1380,2021-12-27,10798.0,12246.0,2836.0,1338.0,1134.773059,
1381,2021-12-28,10810.0,12225.0,2836.0,1326.0,1133.057266,
1382,2021-12-29,10810.0,12250.0,2836.0,1326.0,1127.543344,
1383,2021-12-30,10837.0,12224.0,2820.0,1330.0,1113.014157,
1384,2022-01-05,10837.0,12224.0,2837.0,1327.0,1103.670733,
1385,2022-01-06,10812.0,12225.0,2916.0,1327.0,1085.155711,
1386,2022-01-07,10805.0,12216.0,2926.0,1307.0,1093.717181,
1387,2022-01-08,10818.0,12240.0,2917.0,1306.0,1100.013203,
1388,2022-01-10,10818.0,12240.0,2917.0,1331.0,1103.714596,
1389,2022-01-11,10836.0,12311.0,2942.0,1331.0,1112.216156,
1390,2022-01-12,10855.0,12303.0,2942.0,1301.0,1119.945693,
1391,2022-01-14,10852.0,12449.0,2952.0,1341.0,1086.404517,
1392,2022-01-15,10852.0,12449.0,2964.0,1341.0,1085.620572,
1393,2022-01-17,10852.0,12449.0,2964.0,1356.0,1085.435441,
1394,2022-01-18,10824.0,12366.0,2995.0,1333.0,1085.406965,
1395,2022-01-19,10809.0,12317.0,3025.0,1333.0,1075.824947,
1396,2022-01-20,10817.0,12266.0,3051.0,1387.0,1088.061644,
1397,2022-01-22,10835.0,12295.0,3034.0,1401.0,1068.407189,
1398,2022-01-24,10845.0,12297.0,3034.0,1402.0,1072.895597,
1399,2022-01-25,10825.0,12260.0,3028.0,1391.0,1051.39706,
1400,2022-01-26,10818.0,12210.0,3082.0,1392.0,1052.13234,
1401,2022-01-27,10803.0,12194.0,3093.0,1391.0,1040.437571,
1402,2022-01-28,10804.0,12097.0,3095.0,1389.0,1062.276141,
1403,2022-01-29,10804.0,12097.0,3082.0,1392.0,1063.204286,
1404,2022-01-31,10815.0,12040.0,3082.0,1392.0,1068.103782,
1405,2022-02-01,10804.0,12074.0,3028.0,1392.0,1074.163021,
1406,2022-02-02,10813.0,12176.0,3045.0,1392.0,1079.558501,
1407,2022-02-03,10825.0,12225.0,2986.0,1392.0,1080.615883,
1408,2022-02-04,10835.0,12227.0,3027.0,1392.0,1084.795092,
1409,2022-02-05,10835.0,12227.0,3074.0,1392.0,1091.0889,
1410,2022-02-06,10835.0,12227.0,3074.0,1392.0,1091.0889,
1411,2022-02-07,10853.0,12441.0,3074.0,1399.0,1089.408202,
1412,2022-02-08,10855.0,12400.0,3119.0,1461.0,1098.242727,
1413,2022-02-09,10840.0,12364.0,3182.0,1462.0,1104.797255,
1414,2022-02-10,10835.0,12381.0,3265.0,1463.0,1106.999518,
1415,2022-02-11,10851.0,12418.0,3237.0,1443.0,937.1622788,
1416,2022-02-14,10860.0,12367.0,3136.0,1486.0,905.7882329,
1417,2022-02-15,10844.0,12266.0,3202.0,1406.0,920.3963818,
1418,2022-02-16,10837.0,12296.0,3189.0,1410.0,934.6999548,
1419,2022-02-17,10845.0,12339.0,3255.0,1385.0,927.9643121,
1420,2022-02-18,10856.0,12335.0,3268.0,1370.0,926.5579906,
1421,2022-02-21,10841.0,12327.0,3253.0,1449.0,913.4727816,
1422,2022-02-22,10888.0,12373.0,3280.0,1345.0,882.7591402,
1423,2022-02-23,10869.0,12303.0,3303.0,1348.0,893.7446771,
1424,2022-02-24,10840.0,12310.0,3298.0,1361.0,836.2771335,
1425,2022-02-25,10850.0,12165.0,3397.0,1362.0,829.1175812,
1426,2022-02-26,10850.0,12165.0,3371.0,1359.0,847.2921838,
1427,2022-02-28,10860.0,12143.0,3371.0,1360.0,769.801842,
1428,2022-03-01,10872.0,12154.0,3378.0,1360.0,877.8950719,
1429,2022-03-02,10861.8,12161.96,3593.0,1360.0,649.7310884,115.11
1430,2022-03-03,10887.83,1.1065,3824.0,1403.0,700.5754174,106.01
1431,2022-03-04,10887.0,,3638.0,1403.0,803.3484248,
1432,2022-03-05,10900.0,,3732.0,1403.0,700.5754174,
1433,2022-03-06,10900.0,,3902.0,1425.0,811.152381,
1434,2022-03-07,10910.0,,3902.0,1424.0,811.152381,
1435,2022-03-08,10910.0,,3765.0,1463.0,655.1615385,
1436,2022-03-09,10897.27,1.106901,3350.0,1436.0,618.9,134.82
1437,2022-03-10,10918.68,1.0994066,3472.0,1435.0,626.7341772,132.78
1438,2022-03-11,10957.36,1.0911756,3511.0,1431.0,650.0367608,126.78
1439,2022-03-12,10957.36,1.0911703,3511.0,1419.0,650.0367608,133.99
1440,2022-03-13,10957.36,1.0928825,3511.0,1419.0,650.0367608,124.31
1441,2022-03-14,10998.06,1.0932996,3421.0,1414.0,650.8913078,121.12
1442,2022-03-15,11033.03,1.0959901,3393.0,1413.0,674.5504087,104.72
1443,2022-03-16,11150.12,1.101995,3361.0,1394.0,737.787037,104.72
1444,2022-03-17,11330.38,1.1096839,3494.0,1395.0,772.4769753,103.95
1445,2022-03-18,11571.99,1.1072078,3498.0,1441.0,760.1698149,109.64
1446,2022-03-19,11571.99,1.1067594,3498.0,1441.0,760.1698149,105.49
1447,2022-03-20,11571.99,1.1062006,3498.0,1441.0,760.1698149,105.49
1448,2022-03-21,11571.99,1.1015899,3515.0,1428.0,766.1634615,109.16
1449,2022-03-22,11571.99,1.1001877,3508.0,1426.0,769.4929986,104.49
1450,2022-03-23,11571.99,1.1005148,3699.0,1423.0,815.2593184,97.14
1451,2022-03-24,11509.59,1.0990976,3562.0,1424.0,821.4536082,98.26
1452,2022-03-25,11483.91,1.0989931,3605.0,1438.0,0.0,100.56
1453,2022-03-26,11483.91,1.0981002,3605.0,1438.0,0.0,102.04
1454,2022-03-27,11483.91,1.0987924,3605.0,1438.0,0.0,101.99
1455,2022-03-28,11486.87,1.0976967,3605.0,1456.0,887.810585,95.99
1456,2022-03-29,11474.3,1.1085989,3444.0,1458.0,934.6744868,87.7
1457,2022-03-30,11442.67,1.1164659,3544.0,1491.0,1103.843879,86.1
1458,2022-03-31,11400.21,1.1091116,3460.0,1492.0,1121.754808,82.24
1459,2022-04-01,11395.02,1.1044991,3441.0,1473.0,1111.733175,87.88
1460,2022-04-02,11395.02,1.1044991,3441.0,1473.0,1111.733175,87.88
1461,2022-04-03,11395.02,1.1044991,3441.0,1473.0,1111.733175,87.88
1462,2022-04-04,11404.61,1.0977107,3455.0,1473.0,1111.071428571429,83.01
1463,2022-04-05,11408.5,1.0905425,3488.0,1473.0,1120.2467831764932,84.24
1464,2022-04-06,11385.07,1.0895853,3470.0,1478.0,1171.0163111668758,84.01
1465,2022-04-07,11370.56,1.087893,3421.0,1478.0,1232.079207920792,78.04
1466,2022-04-08,11362.51,1.0868102,3409.0,1467.0,1226.7350157728706,81.47
1467,2022-04-09,11362.51,1.087558,3409.0,1467.0,1226.7350157728706,80.25
1468,2022-04-10,11362.51,1.0906178,3409.0,1467.0,1226.7350157728706,80.26
1469,2022-04-11,11344.69,1.0883093,3229.0,1460.0,1180.421172453045,83.19
1470,2022-04-12,11329.38,1.0828712,3264.0,1460.0,1171.3102409638552,84.68
1471,2022-04-13,11315.0,1.0891957,3238.0,1419.0,0.0,82.49
1472,2022-04-14,11335.97,1.091292,3236.0,1420.0,1113.3978107662317,81.8
